0 verbose cli F:\nodejs\node.exe C:\Users\arpt1\AppData\Roaming\npm\node_modules\npm\bin\npm-cli.js
1 info using npm@11.7.0
2 info using node@v24.13.0
3 silly config load:file:C:\Users\arpt1\AppData\Roaming\npm\node_modules\npm\npmrc
4 silly config load:file:C:\Users\arpt1\.npmrc
5 silly config load:file:C:\Users\arpt1\AppData\Roaming\npm\etc\npmrc
6 verbose title npm i vercel
7 verbose argv "i" "--global" "vercel"
8 verbose logfile logs-max:10 dir:G:\pi 2 - 2026\webapp\%TEMP%\npm-cache\_logs\2026-08-20T10_17_08_773Z-
9 verbose logfile G:\pi 2 - 2026\webapp\%TEMP%\npm-cache\_logs\2026-08-20T10_17_08_773Z-debug-0.log
10 silly packumentCache heap:4496293888 maxSize:1124073472 maxEntrySize:562036736
11 silly logfile done cleaning log files
12 silly idealTree buildDeps
13 silly fetch manifest vercel@*
14 silly packumentCache full:https://registry.npmjs.org/vercel cache-miss
15 http cache https://registry.npmjs.org/vercel 34ms (cache hit)
16 silly packumentCache full:https://registry.npmjs.org/vercel set size:7941700 disposed:false
17 silly placeDep ROOT vercel@59.1.4 OK for:  want: *
18 silly fetch manifest zod@4.1.11
19 silly packumentCache full:https://registry.npmjs.org/zod cache-miss
20 silly fetch manifest jose@5.9.6
21 silly packumentCache full:https://registry.npmjs.org/jose cache-miss
22 silly fetch manifest uuid@14.0.1
23 silly packumentCache full:https://registry.npmjs.org/uuid cache-miss
24 silly fetch manifest luxon@^3.4.0
25 silly packumentCache full:https://registry.npmjs.org/luxon cache-miss
26 silly fetch manifest undici@5.29.0
27 silly packumentCache full:https://registry.npmjs.org/undici cache-miss
28 silly fetch manifest esbuild@0.27.0
29 silly packumentCache full:https://registry.npmjs.org/esbuild cache-miss
30 silly fetch manifest sandbox@3.4.0
31 silly packumentCache full:https://registry.npmjs.org/sandbox cache-miss
32 silly fetch manifest chokidar@4.0.0
33 silly packumentCache full:https://registry.npmjs.org/chokidar cache-miss
34 silly fetch manifest smol-toml@1.5.2
35 silly packumentCache full:https://registry.npmjs.org/smol-toml cache-miss
36 silly fetch manifest @vercel/go@3.11.0
37 silly packumentCache full:https://registry.npmjs.org/@vercel%2fgo cache-miss
38 silly fetch manifest @vercel/h3@0.1.124
39 silly packumentCache full:https://registry.npmjs.org/@vercel%2fh3 cache-miss
40 http cache https://registry.npmjs.org/uuid 50ms (cache hit)
41 silly packumentCache full:https://registry.npmjs.org/uuid set size:260936 disposed:false
42 silly fetch manifest @vercel/fun@1.3.0
43 silly packumentCache full:https://registry.npmjs.org/@vercel%2ffun cache-miss
44 http cache https://registry.npmjs.org/luxon 55ms (cache hit)
45 silly packumentCache full:https://registry.npmjs.org/luxon set size:511002 disposed:false
46 silly fetch manifest @vercel/koa@0.1.98
47 silly packumentCache full:https://registry.npmjs.org/@vercel%2fkoa cache-miss
48 http cache https://registry.npmjs.org/jose 63ms (cache hit)
49 silly packumentCache full:https://registry.npmjs.org/jose set size:1446624 disposed:false
50 silly fetch manifest @vercel/blob@2.8.0
51 silly packumentCache full:https://registry.npmjs.org/@vercel%2fblob cache-miss
52 http cache https://registry.npmjs.org/undici 73ms (cache hit)
53 silly packumentCache full:https://registry.npmjs.org/undici set size:1531430 disposed:false
54 silly fetch manifest @vercel/hono@0.2.118
55 silly packumentCache full:https://registry.npmjs.org/@vercel%2fhono cache-miss
56 http cache https://registry.npmjs.org/esbuild 84ms (cache hit)
57 silly packumentCache full:https://registry.npmjs.org/esbuild set size:1264676 disposed:false
58 silly fetch manifest @vercel/next@4.21.6
59 silly packumentCache full:https://registry.npmjs.org/@vercel%2fnext cache-miss
60 http cache https://registry.npmjs.org/zod 97ms (cache hit)
61 silly packumentCache full:https://registry.npmjs.org/zod set size:3904985 disposed:false
62 silly fetch manifest @vercel/node@5.10.1
63 silly packumentCache full:https://registry.npmjs.org/@vercel%2fnode cache-miss
64 http cache https://registry.npmjs.org/sandbox 119ms (cache hit)
65 silly packumentCache full:https://registry.npmjs.org/sandbox set size:261402 disposed:false
66 silly fetch manifest @vercel/ruby@2.5.1
67 silly packumentCache full:https://registry.npmjs.org/@vercel%2fruby cache-miss
68 http cache https://registry.npmjs.org/chokidar 146ms (cache hit)
69 silly packumentCache full:https://registry.npmjs.org/chokidar set size:255902 disposed:false
70 silly fetch manifest @vercel/rust@1.4.2
71 silly packumentCache full:https://registry.npmjs.org/@vercel%2frust cache-miss
72 http cache https://registry.npmjs.org/smol-toml 154ms (cache hit)
73 silly packumentCache full:https://registry.npmjs.org/smol-toml set size:87994 disposed:false
74 silly fetch manifest jsonc-parser@3.3.1
75 silly packumentCache full:https://registry.npmjs.org/jsonc-parser cache-miss
76 http cache https://registry.npmjs.org/@vercel%2fh3 155ms (cache hit)
77 silly packumentCache full:https://registry.npmjs.org/@vercel%2fh3 set size:354049 disposed:false
78 silly fetch manifest @vercel/elysia@0.1.115
79 silly packumentCache full:https://registry.npmjs.org/@vercel%2felysia cache-miss
80 http cache https://registry.npmjs.org/@vercel%2fgo 169ms (cache hit)
81 silly packumentCache full:https://registry.npmjs.org/@vercel%2fgo set size:1103397 disposed:false
82 silly fetch manifest @vercel/nestjs@0.2.119
83 silly packumentCache full:https://registry.npmjs.org/@vercel%2fnestjs cache-miss
84 http cache https://registry.npmjs.org/@vercel%2fhono 133ms (cache hit)
85 silly packumentCache full:https://registry.npmjs.org/@vercel%2fhono set size:454232 disposed:false
86 silly fetch manifest @vercel/python@6.57.1
87 silly packumentCache full:https://registry.npmjs.org/@vercel%2fpython cache-miss
88 http cache https://registry.npmjs.org/@vercel%2fkoa 161ms (cache hit)
89 silly packumentCache full:https://registry.npmjs.org/@vercel%2fkoa set size:606819 disposed:false
90 silly fetch manifest @vercel/express@0.1.129
91 silly packumentCache full:https://registry.npmjs.org/@vercel%2fexpress cache-miss
92 http cache https://registry.npmjs.org/@vercel%2ffun 180ms (cache hit)
93 silly packumentCache full:https://registry.npmjs.org/@vercel%2ffun set size:79726 disposed:false
94 silly fetch manifest @vercel/fastify@0.1.118
95 silly packumentCache full:https://registry.npmjs.org/@vercel%2ffastify cache-miss
96 http cache https://registry.npmjs.org/@vercel%2fblob 164ms (cache hit)
97 silly packumentCache full:https://registry.npmjs.org/@vercel%2fblob set size:1054009 disposed:false
98 silly fetch manifest @vercel/redwood@2.5.2
99 silly packumentCache full:https://registry.npmjs.org/@vercel%2fredwood cache-miss
100 http cache https://registry.npmjs.org/@vercel%2fruby 125ms (cache hit)
101 silly packumentCache full:https://registry.npmjs.org/@vercel%2fruby set size:992972 disposed:false
102 silly fetch manifest @vercel/backends@0.8.38
103 silly packumentCache full:https://registry.npmjs.org/@vercel%2fbackends cache-miss
104 http cache https://registry.npmjs.org/@vercel%2frust 114ms (cache hit)
105 silly packumentCache full:https://registry.npmjs.org/@vercel%2frust set size:166087 disposed:false
106 silly fetch manifest @vercel/cli-auth@0.3.4
107 silly packumentCache full:https://registry.npmjs.org/@vercel%2fcli-auth cache-miss
108 http cache https://registry.npmjs.org/@vercel%2felysia 110ms (cache hit)
109 silly packumentCache full:https://registry.npmjs.org/@vercel%2felysia set size:539024 disposed:false
110 silly fetch manifest @vercel/hydrogen@1.4.2
111 silly packumentCache full:https://registry.npmjs.org/@vercel%2fhydrogen cache-miss
112 http cache https://registry.npmjs.org/jsonc-parser 158ms (cache hit)
113 silly packumentCache full:https://registry.npmjs.org/jsonc-parser set size:102715 disposed:false
114 silly fetch manifest @vercel/container@0.2.0
115 silly packumentCache full:https://registry.npmjs.org/@vercel%2fcontainer cache-miss
116 http fetch GET 200 https://registry.npmjs.org/@vercel%2fnestjs 315ms (cache miss)
117 silly packumentCache full:https://registry.npmjs.org/@vercel%2fnestjs set size:undefined disposed:false
118 silly fetch manifest @vercel/cli-config@0.2.3
119 silly packumentCache full:https://registry.npmjs.org/@vercel%2fcli-config cache-miss
120 http fetch GET 200 https://registry.npmjs.org/@vercel%2fcli-auth 234ms (cache miss)
121 silly packumentCache full:https://registry.npmjs.org/@vercel%2fcli-auth set size:undefined disposed:false
122 silly fetch manifest @vercel/build-utils@14.1.1
123 silly packumentCache full:https://registry.npmjs.org/@vercel%2fbuild-utils cache-miss
124 http fetch GET 200 https://registry.npmjs.org/@vercel%2fcontainer 289ms (cache miss)
125 silly packumentCache full:https://registry.npmjs.org/@vercel%2fcontainer set size:undefined disposed:false
126 silly fetch manifest @vercel/detect-agent@1.2.5
127 silly packumentCache full:https://registry.npmjs.org/@vercel%2fdetect-agent cache-miss
128 http fetch GET 200 https://registry.npmjs.org/@vercel%2fexpress 383ms (cache miss)
129 silly packumentCache full:https://registry.npmjs.org/@vercel%2fexpress set size:undefined disposed:false
130 silly fetch manifest @vercel/static-build@2.12.7
131 silly packumentCache full:https://registry.npmjs.org/@vercel%2fstatic-build cache-miss
132 http fetch GET 200 https://registry.npmjs.org/@vercel%2fredwood 503ms (cache miss)
133 silly packumentCache full:https://registry.npmjs.org/@vercel%2fredwood set size:undefined disposed:false
134 silly fetch manifest @vercel/remix-builder@5.9.5
135 silly packumentCache full:https://registry.npmjs.org/@vercel%2fremix-builder cache-miss
136 http fetch GET 200 https://registry.npmjs.org/@vercel%2fcli-config 415ms (cache miss)
137 silly packumentCache full:https://registry.npmjs.org/@vercel%2fcli-config set size:undefined disposed:false
138 silly fetch manifest @vercel/python-analysis@0.13.2
139 silly packumentCache full:https://registry.npmjs.org/@vercel%2fpython-analysis cache-miss
140 http fetch GET 200 https://registry.npmjs.org/@vercel%2fhydrogen 755ms (cache miss)
141 silly packumentCache full:https://registry.npmjs.org/@vercel%2fhydrogen set size:undefined disposed:false
142 silly fetch manifest @vercel/prepare-flags-definitions@0.3.0
143 silly packumentCache full:https://registry.npmjs.org/@vercel%2fprepare-flags-definitions cache-miss
144 http fetch GET 200 https://registry.npmjs.org/@vercel%2fnode 963ms (cache miss)
145 silly packumentCache full:https://registry.npmjs.org/@vercel%2fnode set size:undefined disposed:false
146 silly fetch manifest @vercel/vc-native-linux-x64@59.1.4
147 silly packumentCache full:https://registry.npmjs.org/@vercel%2fvc-native-linux-x64 cache-miss
148 http fetch GET 200 https://registry.npmjs.org/@vercel%2fnext 1059ms (cache miss)
149 silly packumentCache full:https://registry.npmjs.org/@vercel%2fnext set size:undefined disposed:false
150 silly fetch manifest @vercel/vc-native-darwin-x64@59.1.4
151 silly packumentCache full:https://registry.npmjs.org/@vercel%2fvc-native-darwin-x64 cache-miss
152 http fetch GET 200 https://registry.npmjs.org/@vercel%2fbackends 916ms (cache miss)
153 silly packumentCache full:https://registry.npmjs.org/@vercel%2fbackends set size:undefined disposed:false
154 silly fetch manifest @vercel/vc-native-linux-arm64@59.1.4
155 silly packumentCache full:https://registry.npmjs.org/@vercel%2fvc-native-linux-arm64 cache-miss
156 http fetch GET 200 https://registry.npmjs.org/@vercel%2ffastify 952ms (cache miss)
157 silly packumentCache full:https://registry.npmjs.org/@vercel%2ffastify set size:undefined disposed:false
158 silly fetch manifest @vercel/vc-native-darwin-arm64@59.1.4
159 silly packumentCache full:https://registry.npmjs.org/@vercel%2fvc-native-darwin-arm64 cache-miss
160 http fetch GET 200 https://registry.npmjs.org/@vercel%2fdetect-agent 731ms (cache miss)
161 silly packumentCache full:https://registry.npmjs.org/@vercel%2fdetect-agent set size:undefined disposed:false
162 http fetch GET 200 https://registry.npmjs.org/@vercel%2fremix-builder 722ms (cache miss)
163 silly packumentCache full:https://registry.npmjs.org/@vercel%2fremix-builder set size:undefined disposed:false
164 http fetch GET 200 https://registry.npmjs.org/@vercel%2fpython-analysis 591ms (cache miss)
165 silly packumentCache full:https://registry.npmjs.org/@vercel%2fpython-analysis set size:undefined disposed:false
166 http fetch GET 200 https://registry.npmjs.org/@vercel%2fprepare-flags-definitions 542ms (cache miss)
167 silly packumentCache full:https://registry.npmjs.org/@vercel%2fprepare-flags-definitions set size:undefined disposed:false
168 http fetch GET 200 https://registry.npmjs.org/@vercel%2fvc-native-linux-x64 550ms (cache miss)
169 silly packumentCache full:https://registry.npmjs.org/@vercel%2fvc-native-linux-x64 set size:undefined disposed:false
170 http fetch GET 200 https://registry.npmjs.org/@vercel%2fvc-native-darwin-x64 507ms (cache miss)
171 silly packumentCache full:https://registry.npmjs.org/@vercel%2fvc-native-darwin-x64 set size:undefined disposed:false
172 http fetch GET 200 https://registry.npmjs.org/@vercel%2fvc-native-darwin-arm64 611ms (cache miss)
173 silly packumentCache full:https://registry.npmjs.org/@vercel%2fvc-native-darwin-arm64 set size:undefined disposed:false
174 http fetch GET 200 https://registry.npmjs.org/@vercel%2fvc-native-linux-arm64 643ms (cache miss)
175 silly packumentCache full:https://registry.npmjs.org/@vercel%2fvc-native-linux-arm64 set size:undefined disposed:false
176 http fetch GET 200 https://registry.npmjs.org/@vercel%2fpython 1740ms (cache miss)
177 silly packumentCache full:https://registry.npmjs.org/@vercel%2fpython set size:undefined disposed:false
178 http fetch GET 200 https://registry.npmjs.org/@vercel%2fbuild-utils 1495ms (cache miss)
179 silly packumentCache full:https://registry.npmjs.org/@vercel%2fbuild-utils set size:undefined disposed:false
180 http fetch GET 200 https://registry.npmjs.org/@vercel%2fstatic-build 1408ms (cache miss)
181 silly packumentCache full:https://registry.npmjs.org/@vercel%2fstatic-build set size:undefined disposed:false
182 silly placeDep node_modules/vercel @vercel/backends@0.8.38 OK for: vercel@59.1.4 want: 0.8.38
183 silly placeDep node_modules/vercel @vercel/blob@2.8.0 OK for: vercel@59.1.4 want: 2.8.0
184 silly placeDep node_modules/vercel @vercel/build-utils@14.1.1 OK for: vercel@59.1.4 want: 14.1.1
185 silly placeDep node_modules/vercel @vercel/cli-auth@0.3.4 OK for: vercel@59.1.4 want: 0.3.4
186 silly placeDep node_modules/vercel @vercel/cli-config@0.2.3 OK for: vercel@59.1.4 want: 0.2.3
187 silly placeDep node_modules/vercel @vercel/container@0.2.0 OK for: vercel@59.1.4 want: 0.2.0
188 silly placeDep node_modules/vercel @vercel/detect-agent@1.2.5 OK for: vercel@59.1.4 want: 1.2.5
189 silly placeDep node_modules/vercel @vercel/elysia@0.1.115 OK for: vercel@59.1.4 want: 0.1.115
190 silly placeDep node_modules/vercel @vercel/express@0.1.129 OK for: vercel@59.1.4 want: 0.1.129
191 silly placeDep node_modules/vercel @vercel/fastify@0.1.118 OK for: vercel@59.1.4 want: 0.1.118
192 silly placeDep node_modules/vercel @vercel/fun@1.3.0 OK for: vercel@59.1.4 want: 1.3.0
193 silly placeDep node_modules/vercel @vercel/go@3.11.0 OK for: vercel@59.1.4 want: 3.11.0
194 silly placeDep node_modules/vercel @vercel/h3@0.1.124 OK for: vercel@59.1.4 want: 0.1.124
195 silly placeDep node_modules/vercel @vercel/hono@0.2.118 OK for: vercel@59.1.4 want: 0.2.118
196 silly placeDep node_modules/vercel @vercel/hydrogen@1.4.2 OK for: vercel@59.1.4 want: 1.4.2
197 silly placeDep node_modules/vercel @vercel/koa@0.1.98 OK for: vercel@59.1.4 want: 0.1.98
198 silly placeDep node_modules/vercel @vercel/nestjs@0.2.119 OK for: vercel@59.1.4 want: 0.2.119
199 silly placeDep node_modules/vercel @vercel/next@4.21.6 OK for: vercel@59.1.4 want: 4.21.6
200 silly placeDep node_modules/vercel @vercel/node@5.10.1 OK for: vercel@59.1.4 want: 5.10.1
201 silly placeDep node_modules/vercel @vercel/prepare-flags-definitions@0.3.0 OK for: vercel@59.1.4 want: 0.3.0
202 silly placeDep node_modules/vercel @vercel/python@6.57.1 OK for: vercel@59.1.4 want: 6.57.1
203 silly placeDep node_modules/vercel @vercel/python-analysis@0.13.2 OK for: vercel@59.1.4 want: 0.13.2
204 silly placeDep node_modules/vercel @vercel/redwood@2.5.2 OK for: vercel@59.1.4 want: 2.5.2
205 silly placeDep node_modules/vercel @vercel/remix-builder@5.9.5 OK for: vercel@59.1.4 want: 5.9.5
206 silly placeDep node_modules/vercel @vercel/ruby@2.5.1 OK for: vercel@59.1.4 want: 2.5.1
207 silly placeDep node_modules/vercel @vercel/rust@1.4.2 OK for: vercel@59.1.4 want: 1.4.2
208 silly placeDep node_modules/vercel @vercel/static-build@2.12.7 OK for: vercel@59.1.4 want: 2.12.7
209 silly placeDep node_modules/vercel @vercel/vc-native-darwin-arm64@59.1.4 OK for: vercel@59.1.4 want: 59.1.4
210 silly placeDep node_modules/vercel @vercel/vc-native-darwin-x64@59.1.4 OK for: vercel@59.1.4 want: 59.1.4
211 silly placeDep node_modules/vercel @vercel/vc-native-linux-arm64@59.1.4 OK for: vercel@59.1.4 want: 59.1.4
212 silly placeDep node_modules/vercel @vercel/vc-native-linux-x64@59.1.4 OK for: vercel@59.1.4 want: 59.1.4
213 silly placeDep node_modules/vercel chokidar@4.0.0 OK for: vercel@59.1.4 want: 4.0.0
214 silly placeDep node_modules/vercel esbuild@0.27.0 OK for: vercel@59.1.4 want: 0.27.0
215 silly placeDep node_modules/vercel jose@5.9.6 OK for: vercel@59.1.4 want: 5.9.6
216 silly placeDep node_modules/vercel jsonc-parser@3.3.1 OK for: vercel@59.1.4 want: 3.3.1
217 silly placeDep node_modules/vercel luxon@3.7.2 OK for: vercel@59.1.4 want: ^3.4.0
218 silly placeDep node_modules/vercel sandbox@3.4.0 OK for: vercel@59.1.4 want: 3.4.0
219 silly placeDep node_modules/vercel smol-toml@1.5.2 OK for: vercel@59.1.4 want: 1.5.2
220 silly placeDep node_modules/vercel undici@5.29.0 OK for: vercel@59.1.4 want: 5.29.0
221 silly placeDep node_modules/vercel uuid@14.0.1 OK for: vercel@59.1.4 want: 14.0.1
222 silly placeDep node_modules/vercel zod@4.1.11 OK for: vercel@59.1.4 want: 4.1.11
223 silly fetch manifest tsx@4.21.0
224 silly packumentCache full:https://registry.npmjs.org/tsx cache-miss
225 silly fetch manifest zod@3.22.4
226 silly packumentCache full:https://registry.npmjs.org/zod cache-miss
227 silly fetch manifest srvx@0.11.16
228 silly packumentCache full:https://registry.npmjs.org/srvx cache-miss
229 silly fetch manifest execa@3.2.0
230 silly packumentCache full:https://registry.npmjs.org/execa cache-miss
231 silly fetch manifest fs-extra@11.1.0
232 silly packumentCache full:https://registry.npmjs.org/fs-extra cache-miss
233 silly fetch manifest get-port@5.1.1
234 silly packumentCache full:https://registry.npmjs.org/get-port cache-miss
235 silly fetch manifest rolldown@1.0.0-rc.1
236 silly packumentCache full:https://registry.npmjs.org/rolldown cache-miss
237 silly fetch manifest ts-morph@12.0.0
238 silly packumentCache full:https://registry.npmjs.org/ts-morph cache-miss
239 silly fetch manifest @vercel/nft@1.10.0
240 silly packumentCache full:https://registry.npmjs.org/@vercel%2fnft cache-miss
241 silly fetch manifest oxc-transform@0.111.0
242 silly packumentCache full:https://registry.npmjs.org/oxc-transform cache-miss
243 silly fetch manifest path-to-regexp@8.3.0
244 silly packumentCache full:https://registry.npmjs.org/path-to-regexp cache-miss
245 http cache https://registry.npmjs.org/zod 34ms (cache hit)
246 silly packumentCache full:https://registry.npmjs.org/zod set size:3904985 disposed:false
247 silly fetch manifest resolve.exports@2.0.3
248 silly packumentCache full:https://registry.npmjs.org/resolve.exports cache-miss
249 http fetch GET 200 https://registry.npmjs.org/get-port 361ms (cache miss)
250 silly packumentCache full:https://registry.npmjs.org/get-port set size:undefined disposed:false
251 silly fetch manifest @vercel/static-config@3.4.1
252 silly packumentCache full:https://registry.npmjs.org/@vercel%2fstatic-config cache-miss
253 http fetch GET 200 https://registry.npmjs.org/resolve.exports 321ms (cache miss)
254 silly packumentCache full:https://registry.npmjs.org/resolve.exports set size:undefined disposed:false
255 silly fetch manifest undici@^6.23.0
256 silly packumentCache full:https://registry.npmjs.org/undici cache-miss
257 http fetch GET 200 https://registry.npmjs.org/execa 420ms (cache miss)
258 silly packumentCache full:https://registry.npmjs.org/execa set size:undefined disposed:false
259 silly fetch manifest is-buffer@^2.0.5
260 silly packumentCache full:https://registry.npmjs.org/is-buffer cache-miss
261 http fetch GET 200 https://registry.npmjs.org/fs-extra 442ms (cache miss)
262 silly packumentCache full:https://registry.npmjs.org/fs-extra set size:undefined disposed:false
263 silly fetch manifest throttleit@^2.1.0
264 silly packumentCache full:https://registry.npmjs.org/throttleit cache-miss
265 http fetch GET 200 https://registry.npmjs.org/tsx 488ms (cache miss)
266 silly packumentCache full:https://registry.npmjs.org/tsx set size:undefined disposed:false
267 silly fetch manifest async-retry@^1.3.3
268 silly packumentCache full:https://registry.npmjs.org/async-retry cache-miss
269 http fetch GET 200 https://registry.npmjs.org/srvx 496ms (cache miss)
270 silly packumentCache full:https://registry.npmjs.org/srvx set size:undefined disposed:false
271 silly fetch manifest @vercel/oidc@^3.6.1
272 silly packumentCache full:https://registry.npmjs.org/@vercel%2foidc cache-miss
273 http fetch GET 200 https://registry.npmjs.org/ts-morph 734ms (cache miss)
274 silly packumentCache full:https://registry.npmjs.org/ts-morph set size:undefined disposed:false
275 silly fetch manifest is-node-process@^1.2.0
276 silly packumentCache full:https://registry.npmjs.org/is-node-process cache-miss
277 http fetch GET 200 https://registry.npmjs.org/path-to-regexp 769ms (cache miss)
278 silly packumentCache full:https://registry.npmjs.org/path-to-regexp set size:undefined disposed:false
279 silly fetch manifest es-module-lexer@1.5.0
280 silly packumentCache full:https://registry.npmjs.org/es-module-lexer cache-miss
281 http cache https://registry.npmjs.org/undici 416ms (cache hit)
282 silly packumentCache full:https://registry.npmjs.org/undici set size:1531430 disposed:false
283 silly fetch manifest cjs-module-lexer@1.2.3
284 silly packumentCache full:https://registry.npmjs.org/cjs-module-lexer cache-miss
285 http fetch GET 200 https://registry.npmjs.org/is-buffer 543ms (cache miss)
286 silly packumentCache full:https://registry.npmjs.org/is-buffer set size:undefined disposed:false
287 silly fetch manifest open@8.4.0
288 silly packumentCache full:https://registry.npmjs.org/open cache-miss
289 http fetch GET 200 https://registry.npmjs.org/throttleit 554ms (cache miss)
290 silly packumentCache full:https://registry.npmjs.org/throttleit set size:undefined disposed:false
291 silly fetch manifest async-listen@3.0.0
292 silly packumentCache full:https://registry.npmjs.org/async-listen cache-miss
293 http fetch GET 200 https://registry.npmjs.org/@vercel%2fstatic-config 712ms (cache miss)
294 silly packumentCache full:https://registry.npmjs.org/@vercel%2fstatic-config set size:undefined disposed:false
295 silly fetch manifest @napi-rs/keyring@1.2.0
296 silly packumentCache full:https://registry.npmjs.org/@napi-rs%2fkeyring cache-miss
297 http fetch GET 200 https://registry.npmjs.org/oxc-transform 1088ms (cache miss)
298 silly packumentCache full:https://registry.npmjs.org/oxc-transform set size:undefined disposed:false
299 silly fetch manifest xdg-app-paths@5
300 silly packumentCache full:https://registry.npmjs.org/xdg-app-paths cache-miss
301 http fetch GET 200 https://registry.npmjs.org/@vercel%2foidc 612ms (cache miss)
302 silly packumentCache full:https://registry.npmjs.org/@vercel%2foidc set size:undefined disposed:false
303 silly fetch manifest @vercel/nft@1.10.0
304 silly packumentCache full:https://registry.npmjs.org/@vercel%2fnft cache-miss
305 http fetch GET 200 https://registry.npmjs.org/async-retry 642ms (cache miss)
306 silly packumentCache full:https://registry.npmjs.org/async-retry set size:undefined disposed:false
307 silly fetch manifest @vercel/cervel@0.1.46
308 silly packumentCache full:https://registry.npmjs.org/@vercel%2fcervel cache-miss
309 http fetch GET 200 https://registry.npmjs.org/is-node-process 389ms (cache miss)
310 silly packumentCache full:https://registry.npmjs.org/is-node-process set size:undefined disposed:false
311 silly fetch manifest ms@2.1.1
312 silly packumentCache full:https://registry.npmjs.org/ms cache-miss
313 http fetch GET 200 https://registry.npmjs.org/@vercel%2fnft 1215ms (cache miss)
314 silly packumentCache full:https://registry.npmjs.org/@vercel%2fnft set size:undefined disposed:false
315 silly fetch manifest tar@7.5.7
316 silly packumentCache full:https://registry.npmjs.org/tar cache-miss
317 http fetch GET 200 https://registry.npmjs.org/cjs-module-lexer 554ms (cache miss)
318 silly packumentCache full:https://registry.npmjs.org/cjs-module-lexer set size:undefined disposed:false
319 silly fetch manifest debug@4.3.4
320 silly packumentCache full:https://registry.npmjs.org/debug cache-miss
321 http fetch GET 200 https://registry.npmjs.org/async-listen 378ms (cache miss)
322 silly packumentCache full:https://registry.npmjs.org/async-listen set size:undefined disposed:false
323 silly fetch manifest micro@9.3.5-canary.3
324 silly packumentCache full:https://registry.npmjs.org/micro cache-miss
325 http fetch GET 200 https://registry.npmjs.org/es-module-lexer 633ms (cache miss)
326 silly packumentCache full:https://registry.npmjs.org/es-module-lexer set size:undefined disposed:false
327 silly fetch manifest semver@7.5.4
328 silly packumentCache full:https://registry.npmjs.org/semver cache-miss
329 http fetch GET 200 https://registry.npmjs.org/@napi-rs%2fkeyring 356ms (cache miss)
330 silly packumentCache full:https://registry.npmjs.org/@napi-rs%2fkeyring set size:undefined disposed:false
331 silly fetch manifest tinyexec@0.3.2
332 silly packumentCache full:https://registry.npmjs.org/tinyexec cache-miss
333 http fetch GET 200 https://registry.npmjs.org/open 511ms (cache miss)
334 silly packumentCache full:https://registry.npmjs.org/open set size:undefined disposed:false
335 silly fetch manifest stat-mode@0.3.0
336 silly packumentCache full:https://registry.npmjs.org/stat-mode cache-miss
337 http fetch GET 200 https://registry.npmjs.org/ms 389ms (cache miss)
338 silly packumentCache full:https://registry.npmjs.org/ms set size:undefined disposed:false
339 silly fetch manifest tree-kill@1.2.2
340 silly packumentCache full:https://registry.npmjs.org/tree-kill cache-miss
341 http fetch GET 200 https://registry.npmjs.org/xdg-app-paths 526ms (cache miss)
342 silly packumentCache full:https://registry.npmjs.org/xdg-app-paths set size:undefined disposed:false
343 silly fetch manifest node-fetch@2.6.7
344 silly packumentCache full:https://registry.npmjs.org/node-fetch cache-miss
345 http fetch GET 200 https://registry.npmjs.org/@vercel%2fnft 632ms (cache miss)
346 silly packumentCache full:https://registry.npmjs.org/@vercel%2fnft set size:undefined disposed:false
347 silly fetch manifest promisepipe@3.0.0
348 silly packumentCache full:https://registry.npmjs.org/promisepipe cache-miss
349 http fetch GET 200 https://registry.npmjs.org/tinyexec 337ms (cache miss)
350 silly packumentCache full:https://registry.npmjs.org/tinyexec set size:undefined disposed:false
351 silly fetch manifest uid-promise@1.0.0
352 silly packumentCache full:https://registry.npmjs.org/uid-promise cache-miss
353 http fetch GET 200 https://registry.npmjs.org/micro 419ms (cache miss)
354 silly packumentCache full:https://registry.npmjs.org/micro set size:undefined disposed:false
355 silly fetch manifest async-listen@1.2.0
356 silly packumentCache full:https://registry.npmjs.org/async-listen cache-miss
357 http fetch GET 200 https://registry.npmjs.org/@vercel%2fcervel 746ms (cache miss)
358 silly packumentCache full:https://registry.npmjs.org/@vercel%2fcervel set size:undefined disposed:false
359 silly fetch manifest generic-pool@3.4.2
360 silly packumentCache full:https://registry.npmjs.org/generic-pool cache-miss
361 http fetch GET 200 https://registry.npmjs.org/debug 513ms (cache miss)
362 silly packumentCache full:https://registry.npmjs.org/debug set size:undefined disposed:false
363 silly fetch manifest xdg-app-paths@5.1.0
364 silly packumentCache full:https://registry.npmjs.org/xdg-app-paths cache-miss
365 http fetch GET 200 https://registry.npmjs.org/stat-mode 414ms (cache miss)
366 silly packumentCache full:https://registry.npmjs.org/stat-mode set size:undefined disposed:false
367 silly fetch manifest yauzl-promise@2.1.3
368 silly packumentCache full:https://registry.npmjs.org/yauzl-promise cache-miss
369 http fetch GET 200 https://registry.npmjs.org/tree-kill 374ms (cache miss)
370 silly packumentCache full:https://registry.npmjs.org/tree-kill set size:undefined disposed:false
371 silly fetch manifest path-to-regexp@8.2.0
372 silly packumentCache full:https://registry.npmjs.org/path-to-regexp cache-miss
373 http fetch GET 200 https://registry.npmjs.org/semver 556ms (cache miss)
374 silly packumentCache full:https://registry.npmjs.org/semver set size:undefined disposed:false
375 silly fetch manifest @tootallnate/once@2.0.0
376 silly packumentCache full:https://registry.npmjs.org/@tootallnate%2fonce cache-miss
377 http fetch GET 200 https://registry.npmjs.org/tar 746ms (cache miss)
378 silly packumentCache full:https://registry.npmjs.org/tar set size:undefined disposed:false
379 silly fetch manifest stream-to-promise@2.2.0
380 silly packumentCache full:https://registry.npmjs.org/stream-to-promise cache-miss
381 http fetch GET 200 https://registry.npmjs.org/promisepipe 294ms (cache miss)
382 silly packumentCache full:https://registry.npmjs.org/promisepipe set size:undefined disposed:false
383 silly fetch manifest etag@1.8.1
384 silly packumentCache full:https://registry.npmjs.org/etag cache-miss
385 http cache https://registry.npmjs.org/async-listen 247ms (cache hit)
386 silly packumentCache full:https://registry.npmjs.org/async-listen set size:27933 disposed:false
387 silly fetch manifest undici@5.28.4
388 silly packumentCache full:https://registry.npmjs.org/undici cache-miss
389 http fetch GET 200 https://registry.npmjs.org/uid-promise 307ms (cache miss)
390 silly packumentCache full:https://registry.npmjs.org/uid-promise set size:undefined disposed:false
391 silly fetch manifest mime-types@2.1.35
392 silly packumentCache full:https://registry.npmjs.org/mime-types cache-miss
393 http cache https://registry.npmjs.org/xdg-app-paths 215ms (cache hit)
394 silly packumentCache full:https://registry.npmjs.org/xdg-app-paths set size:295911 disposed:false
395 silly fetch manifest node-fetch@2.6.9
396 silly packumentCache full:https://registry.npmjs.org/node-fetch cache-miss
397 http cache https://registry.npmjs.org/path-to-regexp 216ms (cache hit)
398 silly packumentCache full:https://registry.npmjs.org/path-to-regexp set size:216334 disposed:false
399 silly fetch manifest typescript@npm:typescript@5.9.3
400 silly packumentCache full:https://registry.npmjs.org/typescript cache-miss
401 http fetch GET 200 https://registry.npmjs.org/yauzl-promise 329ms (cache miss)
402 silly packumentCache full:https://registry.npmjs.org/yauzl-promise set size:undefined disposed:false
403 silly fetch manifest @types/node@20.11.0
404 silly packumentCache full:https://registry.npmjs.org/@types%2fnode cache-miss
405 http fetch GET 200 https://registry.npmjs.org/@tootallnate%2fonce 313ms (cache miss)
406 silly packumentCache full:https://registry.npmjs.org/@tootallnate%2fonce set size:undefined disposed:false
407 silly fetch manifest edge-runtime@2.5.9
408 silly packumentCache full:https://registry.npmjs.org/edge-runtime cache-miss
409 http fetch GET 200 https://registry.npmjs.org/stream-to-promise 314ms (cache miss)
410 silly packumentCache full:https://registry.npmjs.org/stream-to-promise set size:undefined disposed:false
411 silly fetch manifest path-to-regexp@6.1.0
412 silly packumentCache full:https://registry.npmjs.org/path-to-regexp cache-hit
413 silly fetch manifest es-module-lexer@1.4.1
414 silly packumentCache full:https://registry.npmjs.org/es-module-lexer cache-miss
415 http fetch GET 200 https://registry.npmjs.org/generic-pool 429ms (cache miss)
416 silly packumentCache full:https://registry.npmjs.org/generic-pool set size:undefined disposed:false
417 silly fetch manifest @edge-runtime/vm@3.2.0
418 silly packumentCache full:https://registry.npmjs.org/@edge-runtime%2fvm cache-miss
419 http cache https://registry.npmjs.org/undici 264ms (cache hit)
420 silly packumentCache full:https://registry.npmjs.org/undici set size:1531430 disposed:false
421 silly fetch manifest @vercel/error-utils@2.2.1
422 silly packumentCache full:https://registry.npmjs.org/@vercel%2ferror-utils cache-miss
423 http fetch GET 200 https://registry.npmjs.org/etag 318ms (cache miss)
424 silly packumentCache full:https://registry.npmjs.org/etag set size:undefined disposed:false
425 silly fetch manifest path-to-regexp-updated@npm:path-to-regexp@6.3.0
426 silly packumentCache full:https://registry.npmjs.org/path-to-regexp cache-hit
427 silly fetch manifest @edge-runtime/node-utils@2.3.0
428 silly packumentCache full:https://registry.npmjs.org/@edge-runtime%2fnode-utils cache-miss
429 http cache https://registry.npmjs.org/es-module-lexer 165ms (cache hit)
430 silly packumentCache full:https://registry.npmjs.org/es-module-lexer set size:214894 disposed:false
431 silly fetch manifest @edge-runtime/primitives@4.1.0
432 silly packumentCache full:https://registry.npmjs.org/@edge-runtime%2fprimitives cache-miss
433 http fetch GET 200 https://registry.npmjs.org/node-fetch 855ms (cache miss)
434 silly packumentCache full:https://registry.npmjs.org/node-fetch set size:undefined disposed:false
435 silly fetch manifest js-yaml@4.1.1
436 silly packumentCache full:https://registry.npmjs.org/js-yaml cache-miss
437 http fetch GET 200 https://registry.npmjs.org/mime-types 405ms (cache miss)
438 silly packumentCache full:https://registry.npmjs.org/mime-types set size:undefined disposed:false
439 silly fetch manifest fs-extra@11.1.1
440 silly packumentCache full:https://registry.npmjs.org/fs-extra cache-miss
441 http fetch GET 200 https://registry.npmjs.org/@vercel%2ferror-utils 244ms (cache miss)
442 silly packumentCache full:https://registry.npmjs.org/@vercel%2ferror-utils set size:undefined disposed:false
443 silly fetch manifest minimatch@10.1.1
444 silly packumentCache full:https://registry.npmjs.org/minimatch cache-miss
445 http cache https://registry.npmjs.org/fs-extra 118ms (cache hit)
446 silly packumentCache full:https://registry.npmjs.org/fs-extra set size:239581 disposed:false
447 silly fetch manifest @renovatebot/pep440@4.2.1
448 silly packumentCache full:https://registry.npmjs.org/@renovatebot%2fpep440 cache-miss
449 http fetch GET 200 https://registry.npmjs.org/edge-runtime 409ms (cache miss)
450 silly packumentCache full:https://registry.npmjs.org/edge-runtime set size:undefined disposed:false
451 silly fetch manifest @bytecodealliance/preview2-shim@0.17.6
452 silly packumentCache full:https://registry.npmjs.org/@bytecodealliance%2fpreview2-shim cache-miss
453 http fetch GET 200 https://registry.npmjs.org/node-fetch 729ms (cache miss)
454 silly packumentCache full:https://registry.npmjs.org/node-fetch set size:undefined disposed:false
455 silly fetch manifest semver@6.3.1
456 silly packumentCache full:https://registry.npmjs.org/semver cache-miss
457 http fetch GET 200 https://registry.npmjs.org/@edge-runtime%2fvm 526ms (cache miss)
458 silly packumentCache full:https://registry.npmjs.org/@edge-runtime%2fvm set size:undefined disposed:false
459 silly fetch manifest execa@5
460 silly packumentCache full:https://registry.npmjs.org/execa cache-miss
461 http fetch GET 200 https://registry.npmjs.org/rolldown 2944ms (cache miss)
462 silly packumentCache full:https://registry.npmjs.org/rolldown set size:undefined disposed:false
463 silly fetch manifest @vercel/gatsby-plugin-vercel-builder@2.2.41
464 silly packumentCache full:https://registry.npmjs.org/@vercel%2fgatsby-plugin-vercel-builder cache-miss
465 http fetch GET 200 https://registry.npmjs.org/js-yaml 502ms (cache miss)
466 silly packumentCache full:https://registry.npmjs.org/js-yaml set size:undefined disposed:false
467 silly fetch manifest @vercel/gatsby-plugin-vercel-analytics@1.0.12
468 silly packumentCache full:https://registry.npmjs.org/@vercel%2fgatsby-plugin-vercel-analytics cache-miss
469 http fetch GET 200 https://registry.npmjs.org/@edge-runtime%2fnode-utils 627ms (cache miss)
470 silly packumentCache full:https://registry.npmjs.org/@edge-runtime%2fnode-utils set size:undefined disposed:false
471 silly fetch manifest readdirp@^4.0.1
472 silly packumentCache full:https://registry.npmjs.org/readdirp cache-miss
473 http fetch GET 200 https://registry.npmjs.org/@bytecodealliance%2fpreview2-shim 394ms (cache miss)
474 silly packumentCache full:https://registry.npmjs.org/@bytecodealliance%2fpreview2-shim set size:undefined disposed:false
475 silly fetch manifest @esbuild/aix-ppc64@0.27.0
476 silly packumentCache full:https://registry.npmjs.org/@esbuild%2faix-ppc64 cache-miss
477 http fetch GET 200 https://registry.npmjs.org/@renovatebot%2fpep440 504ms (cache miss)
478 silly packumentCache full:https://registry.npmjs.org/@renovatebot%2fpep440 set size:undefined disposed:false
479 silly fetch manifest @esbuild/linux-arm@0.27.0
480 silly packumentCache full:https://registry.npmjs.org/@esbuild%2flinux-arm cache-miss
481 http cache https://registry.npmjs.org/semver 292ms (cache hit)
482 silly packumentCache full:https://registry.npmjs.org/semver set size:246069 disposed:false
483 silly fetch manifest @esbuild/linux-x64@0.27.0
484 silly packumentCache full:https://registry.npmjs.org/@esbuild%2flinux-x64 cache-miss
485 http cache https://registry.npmjs.org/execa 304ms (cache hit)
486 silly packumentCache full:https://registry.npmjs.org/execa set size:188760 disposed:false
487 silly fetch manifest @esbuild/sunos-x64@0.27.0
488 silly packumentCache full:https://registry.npmjs.org/@esbuild%2fsunos-x64 cache-miss
489 http fetch GET 200 https://registry.npmjs.org/minimatch 625ms (cache miss)
490 silly packumentCache full:https://registry.npmjs.org/minimatch set size:undefined disposed:false
491 silly fetch manifest @esbuild/win32-x64@0.27.0
492 silly packumentCache full:https://registry.npmjs.org/@esbuild%2fwin32-x64 cache-miss
493 http fetch GET 200 https://registry.npmjs.org/@vercel%2fgatsby-plugin-vercel-analytics 291ms (cache miss)
494 silly packumentCache full:https://registry.npmjs.org/@vercel%2fgatsby-plugin-vercel-analytics set size:undefined disposed:false
495 silly fetch manifest @esbuild/darwin-x64@0.27.0
496 silly packumentCache full:https://registry.npmjs.org/@esbuild%2fdarwin-x64 cache-miss
497 http fetch GET 200 https://registry.npmjs.org/readdirp 411ms (cache miss)
498 silly packumentCache full:https://registry.npmjs.org/readdirp set size:undefined disposed:false
499 silly fetch manifest @esbuild/linux-ia32@0.27.0
500 silly packumentCache full:https://registry.npmjs.org/@esbuild%2flinux-ia32 cache-miss
501 http fetch GET 200 https://registry.npmjs.org/@edge-runtime%2fprimitives 1219ms (cache miss)
502 silly packumentCache full:https://registry.npmjs.org/@edge-runtime%2fprimitives set size:undefined disposed:false
503 silly fetch manifest @esbuild/netbsd-x64@0.27.0
504 silly packumentCache full:https://registry.npmjs.org/@esbuild%2fnetbsd-x64 cache-miss
505 http fetch GET 200 https://registry.npmjs.org/@esbuild%2faix-ppc64 637ms (cache miss)
506 silly packumentCache full:https://registry.npmjs.org/@esbuild%2faix-ppc64 set size:undefined disposed:false
507 silly fetch manifest @esbuild/win32-ia32@0.27.0
508 silly packumentCache full:https://registry.npmjs.org/@esbuild%2fwin32-ia32 cache-miss
509 http fetch GET 200 https://registry.npmjs.org/@esbuild%2flinux-arm 775ms (cache miss)
510 silly packumentCache full:https://registry.npmjs.org/@esbuild%2flinux-arm set size:undefined disposed:false
511 silly fetch manifest @esbuild/android-arm@0.27.0
512 silly packumentCache full:https://registry.npmjs.org/@esbuild%2fandroid-arm cache-miss
513 http fetch GET 200 https://registry.npmjs.org/@esbuild%2fsunos-x64 1009ms (cache miss)
514 silly packumentCache full:https://registry.npmjs.org/@esbuild%2fsunos-x64 set size:undefined disposed:false
515 silly fetch manifest @esbuild/android-x64@0.27.0
516 silly packumentCache full:https://registry.npmjs.org/@esbuild%2fandroid-x64 cache-miss
517 http fetch GET 200 https://registry.npmjs.org/@esbuild%2flinux-x64 1044ms (cache miss)
518 silly packumentCache full:https://registry.npmjs.org/@esbuild%2flinux-x64 set size:undefined disposed:false
519 silly fetch manifest @esbuild/freebsd-x64@0.27.0
520 silly packumentCache full:https://registry.npmjs.org/@esbuild%2ffreebsd-x64 cache-miss
521 http fetch GET 200 https://registry.npmjs.org/@esbuild%2fwin32-x64 1046ms (cache miss)
522 silly packumentCache full:https://registry.npmjs.org/@esbuild%2fwin32-x64 set size:undefined disposed:false
523 silly fetch manifest @esbuild/linux-arm64@0.27.0
524 silly packumentCache full:https://registry.npmjs.org/@esbuild%2flinux-arm64 cache-miss
525 http fetch GET 200 https://registry.npmjs.org/@esbuild%2fdarwin-x64 1085ms (cache miss)
526 silly packumentCache full:https://registry.npmjs.org/@esbuild%2fdarwin-x64 set size:undefined disposed:false
527 silly fetch manifest @esbuild/linux-ppc64@0.27.0
528 silly packumentCache full:https://registry.npmjs.org/@esbuild%2flinux-ppc64 cache-miss
529 http fetch GET 200 https://registry.npmjs.org/@vercel%2fgatsby-plugin-vercel-builder 1465ms (cache miss)
530 silly packumentCache full:https://registry.npmjs.org/@vercel%2fgatsby-plugin-vercel-builder set size:undefined disposed:false
531 silly fetch manifest @esbuild/linux-s390x@0.27.0
532 silly packumentCache full:https://registry.npmjs.org/@esbuild%2flinux-s390x cache-miss
533 http fetch GET 200 https://registry.npmjs.org/@esbuild%2flinux-ia32 1035ms (cache miss)
534 silly packumentCache full:https://registry.npmjs.org/@esbuild%2flinux-ia32 set size:undefined disposed:false
535 silly fetch manifest @esbuild/openbsd-x64@0.27.0
536 silly packumentCache full:https://registry.npmjs.org/@esbuild%2fopenbsd-x64 cache-miss
537 http fetch GET 200 https://registry.npmjs.org/@esbuild%2fwin32-ia32 812ms (cache miss)
538 silly packumentCache full:https://registry.npmjs.org/@esbuild%2fwin32-ia32 set size:undefined disposed:false
539 silly fetch manifest @esbuild/win32-arm64@0.27.0
540 silly packumentCache full:https://registry.npmjs.org/@esbuild%2fwin32-arm64 cache-miss
541 http fetch GET 200 https://registry.npmjs.org/@esbuild%2fnetbsd-x64 878ms (cache miss)
542 silly packumentCache full:https://registry.npmjs.org/@esbuild%2fnetbsd-x64 set size:undefined disposed:false
543 silly fetch manifest @esbuild/darwin-arm64@0.27.0
544 silly packumentCache full:https://registry.npmjs.org/@esbuild%2fdarwin-arm64 cache-miss
545 http fetch GET 200 https://registry.npmjs.org/@esbuild%2fandroid-arm 827ms (cache miss)
546 silly packumentCache full:https://registry.npmjs.org/@esbuild%2fandroid-arm set size:undefined disposed:false
547 silly fetch manifest @esbuild/netbsd-arm64@0.27.0
548 silly packumentCache full:https://registry.npmjs.org/@esbuild%2fnetbsd-arm64 cache-miss
549 http fetch GET 200 https://registry.npmjs.org/@esbuild%2fandroid-x64 772ms (cache miss)
550 silly packumentCache full:https://registry.npmjs.org/@esbuild%2fandroid-x64 set size:undefined disposed:false
551 silly fetch manifest @esbuild/android-arm64@0.27.0
552 silly packumentCache full:https://registry.npmjs.org/@esbuild%2fandroid-arm64 cache-miss
553 http fetch GET 200 https://registry.npmjs.org/@esbuild%2ffreebsd-x64 841ms (cache miss)
554 silly packumentCache full:https://registry.npmjs.org/@esbuild%2ffreebsd-x64 set size:undefined disposed:false
555 silly fetch manifest @esbuild/freebsd-arm64@0.27.0
556 silly packumentCache full:https://registry.npmjs.org/@esbuild%2ffreebsd-arm64 cache-miss
557 http fetch GET 200 https://registry.npmjs.org/@esbuild%2flinux-arm64 824ms (cache miss)
558 silly packumentCache full:https://registry.npmjs.org/@esbuild%2flinux-arm64 set size:undefined disposed:false
559 silly fetch manifest @esbuild/linux-loong64@0.27.0
560 silly packumentCache full:https://registry.npmjs.org/@esbuild%2flinux-loong64 cache-miss
561 http fetch GET 200 https://registry.npmjs.org/@esbuild%2flinux-ppc64 940ms (cache miss)
562 silly packumentCache full:https://registry.npmjs.org/@esbuild%2flinux-ppc64 set size:undefined disposed:false
563 silly fetch manifest @esbuild/linux-riscv64@0.27.0
564 silly packumentCache full:https://registry.npmjs.org/@esbuild%2flinux-riscv64 cache-miss
565 http fetch GET 200 https://registry.npmjs.org/@esbuild%2fopenbsd-x64 876ms (cache miss)
566 silly packumentCache full:https://registry.npmjs.org/@esbuild%2fopenbsd-x64 set size:undefined disposed:false
567 silly fetch manifest @esbuild/openbsd-arm64@0.27.0
568 silly packumentCache full:https://registry.npmjs.org/@esbuild%2fopenbsd-arm64 cache-miss
569 http fetch GET 200 https://registry.npmjs.org/@esbuild%2flinux-s390x 880ms (cache miss)
570 silly packumentCache full:https://registry.npmjs.org/@esbuild%2flinux-s390x set size:undefined disposed:false
571 silly fetch manifest @esbuild/linux-mips64el@0.27.0
572 silly packumentCache full:https://registry.npmjs.org/@esbuild%2flinux-mips64el cache-miss
573 http fetch GET 200 https://registry.npmjs.org/@esbuild%2fwin32-arm64 872ms (cache miss)
574 silly packumentCache full:https://registry.npmjs.org/@esbuild%2fwin32-arm64 set size:undefined disposed:false
575 silly fetch manifest @esbuild/openharmony-arm64@0.27.0
576 silly packumentCache full:https://registry.npmjs.org/@esbuild%2fopenharmony-arm64 cache-miss
577 http fetch GET 200 https://registry.npmjs.org/@esbuild%2fnetbsd-arm64 712ms (cache miss)
578 silly packumentCache full:https://registry.npmjs.org/@esbuild%2fnetbsd-arm64 set size:undefined disposed:false
579 silly fetch manifest ws@^8.21.0
580 silly packumentCache full:https://registry.npmjs.org/ws cache-miss
581 http fetch GET 200 https://registry.npmjs.org/@esbuild%2fdarwin-arm64 882ms (cache miss)
582 silly packumentCache full:https://registry.npmjs.org/@esbuild%2fdarwin-arm64 set size:undefined disposed:false
583 silly fetch manifest zod@^4.1.1
584 silly packumentCache full:https://registry.npmjs.org/zod cache-miss
585 http fetch GET 200 https://registry.npmjs.org/@esbuild%2fandroid-arm64 704ms (cache miss)
586 silly packumentCache full:https://registry.npmjs.org/@esbuild%2fandroid-arm64 set size:undefined disposed:false
587 silly fetch manifest debug@^4.4.1
588 silly packumentCache full:https://registry.npmjs.org/debug cache-miss
589 http fetch GET 200 https://registry.npmjs.org/@esbuild%2ffreebsd-arm64 628ms (cache miss)
590 silly packumentCache full:https://registry.npmjs.org/@esbuild%2ffreebsd-arm64 set size:undefined disposed:false
591 silly fetch manifest async-retry@1.3.3
592 silly packumentCache full:https://registry.npmjs.org/async-retry cache-miss
593 http fetch GET 200 https://registry.npmjs.org/@esbuild%2fopenbsd-arm64 591ms (cache miss)
594 silly packumentCache full:https://registry.npmjs.org/@esbuild%2fopenbsd-arm64 set size:undefined disposed:false
595 silly fetch manifest @vercel/sandbox@2.4.0
596 silly packumentCache full:https://registry.npmjs.org/@vercel%2fsandbox cache-miss
597 http fetch GET 200 https://registry.npmjs.org/@esbuild%2flinux-loong64 840ms (cache miss)
598 silly packumentCache full:https://registry.npmjs.org/@esbuild%2flinux-loong64 set size:undefined disposed:false
599 silly fetch manifest @fastify/busboy@^2.0.0
600 silly packumentCache full:https://registry.npmjs.org/@fastify%2fbusboy cache-miss
601 http cache https://registry.npmjs.org/zod 514ms (cache hit)
602 silly packumentCache full:https://registry.npmjs.org/zod set size:3904985 disposed:false
603 http fetch GET 200 https://registry.npmjs.org/@esbuild%2flinux-mips64el 682ms (cache miss)
604 silly packumentCache full:https://registry.npmjs.org/@esbuild%2flinux-mips64el set size:undefined disposed:false
605 http fetch GET 200 https://registry.npmjs.org/@esbuild%2fopenharmony-arm64 586ms (cache miss)
606 silly packumentCache full:https://registry.npmjs.org/@esbuild%2fopenharmony-arm64 set size:undefined disposed:false
607 http cache https://registry.npmjs.org/debug 368ms (cache hit)
608 silly packumentCache full:https://registry.npmjs.org/debug set size:195840 disposed:false
609 http fetch GET 200 https://registry.npmjs.org/@esbuild%2flinux-riscv64 699ms (cache miss)
610 silly packumentCache full:https://registry.npmjs.org/@esbuild%2flinux-riscv64 set size:undefined disposed:false
611 http cache https://registry.npmjs.org/async-retry 366ms (cache hit)
612 silly packumentCache full:https://registry.npmjs.org/async-retry set size:51916 disposed:false
613 http fetch GET 200 https://registry.npmjs.org/ws 987ms (cache miss)
614 silly packumentCache full:https://registry.npmjs.org/ws set size:undefined disposed:false
615 http fetch GET 200 https://registry.npmjs.org/@vercel%2fsandbox 588ms (cache miss)
616 silly packumentCache full:https://registry.npmjs.org/@vercel%2fsandbox set size:undefined disposed:false
617 http fetch GET 200 https://registry.npmjs.org/@fastify%2fbusboy 708ms (cache miss)
618 silly packumentCache full:https://registry.npmjs.org/@fastify%2fbusboy set size:undefined disposed:false
619 http fetch GET 200 https://registry.npmjs.org/@types%2fnode 4605ms (cache miss)
620 silly packumentCache full:https://registry.npmjs.org/@types%2fnode set size:undefined disposed:false
621 http fetch GET 200 https://registry.npmjs.org/typescript 4924ms (cache miss)
622 silly packumentCache full:https://registry.npmjs.org/typescript set size:undefined disposed:false
623 silly placeDep node_modules/vercel @vercel/nft@1.10.0 OK for: @vercel/backends@0.8.38 want: 1.10.0
624 silly placeDep node_modules/vercel @vercel/static-config@3.4.1 OK for: @vercel/backends@0.8.38 want: 3.4.1
625 silly placeDep node_modules/vercel execa@3.2.0 OK for: @vercel/backends@0.8.38 want: 3.2.0
626 silly placeDep node_modules/vercel fs-extra@11.1.0 OK for: @vercel/backends@0.8.38 want: 11.1.0
627 silly placeDep node_modules/vercel get-port@5.1.1 OK for: @vercel/backends@0.8.38 want: 5.1.1
628 silly placeDep node_modules/vercel oxc-transform@0.111.0 OK for: @vercel/backends@0.8.38 want: 0.111.0
629 silly placeDep node_modules/vercel path-to-regexp@8.3.0 OK for: @vercel/backends@0.8.38 want: 8.3.0
630 silly placeDep node_modules/vercel resolve.exports@2.0.3 OK for: @vercel/backends@0.8.38 want: 2.0.3
631 silly placeDep node_modules/vercel rolldown@1.0.0-rc.1 OK for: @vercel/backends@0.8.38 want: 1.0.0-rc.1
632 silly placeDep node_modules/vercel srvx@0.11.16 OK for: @vercel/backends@0.8.38 want: 0.11.16
633 silly placeDep node_modules/vercel ts-morph@12.0.0 OK for: @vercel/backends@0.8.38 want: 12.0.0
634 silly placeDep node_modules/vercel tsx@4.21.0 OK for: @vercel/backends@0.8.38 want: 4.21.0
635 silly placeDep node_modules/vercel/node_modules/@vercel/backends zod@3.22.4 OK for: @vercel/backends@0.8.38 want: 3.22.4
636 silly fetch manifest glob@^13.0.0
637 silly packumentCache full:https://registry.npmjs.org/glob cache-miss
638 silly fetch manifest acorn@^8.6.0
639 silly packumentCache full:https://registry.npmjs.org/acorn cache-miss
640 silly fetch manifest bindings@^1.4.0
641 silly packumentCache full:https://registry.npmjs.org/bindings cache-miss
642 silly fetch manifest picomatch@^4.0.2
643 silly packumentCache full:https://registry.npmjs.org/picomatch cache-miss
644 silly fetch manifest async-sema@^3.1.1
645 silly packumentCache full:https://registry.npmjs.org/async-sema cache-miss
646 silly fetch manifest graceful-fs@^4.2.9
647 silly packumentCache full:https://registry.npmjs.org/graceful-fs cache-miss
648 silly fetch manifest resolve-from@^5.0.0
649 silly packumentCache full:https://registry.npmjs.org/resolve-from cache-miss
650 silly fetch manifest estree-walker@2.0.2
651 silly packumentCache full:https://registry.npmjs.org/estree-walker cache-miss
652 silly fetch manifest node-gyp-build@^4.2.2
653 silly packumentCache full:https://registry.npmjs.org/node-gyp-build cache-miss
654 silly fetch manifest @rollup/pluginutils@^5.1.3
655 silly packumentCache full:https://registry.npmjs.org/@rollup%2fpluginutils cache-miss
656 silly fetch manifest @mapbox/node-pre-gyp@^2.0.0
657 silly packumentCache full:https://registry.npmjs.org/@mapbox%2fnode-pre-gyp cache-miss
658 http fetch GET 200 https://registry.npmjs.org/bindings 278ms (cache miss)
659 silly packumentCache full:https://registry.npmjs.org/bindings set size:undefined disposed:false
660 silly fetch manifest acorn-import-attributes@^1.9.5
661 silly packumentCache full:https://registry.npmjs.org/acorn-import-attributes cache-miss
662 http fetch GET 200 https://registry.npmjs.org/async-sema 303ms (cache miss)
663 silly packumentCache full:https://registry.npmjs.org/async-sema set size:undefined disposed:false
664 silly fetch manifest ajv@8.6.3
665 silly packumentCache full:https://registry.npmjs.org/ajv cache-miss
666 http fetch GET 200 https://registry.npmjs.org/resolve-from 345ms (cache miss)
667 silly packumentCache full:https://registry.npmjs.org/resolve-from set size:undefined disposed:false
668 silly fetch manifest json-schema-to-ts@1.6.4
669 silly packumentCache full:https://registry.npmjs.org/json-schema-to-ts cache-miss
670 http fetch GET 200 https://registry.npmjs.org/graceful-fs 392ms (cache miss)
671 silly packumentCache full:https://registry.npmjs.org/graceful-fs set size:undefined disposed:false
672 silly fetch manifest onetime@^5.1.0
673 silly packumentCache full:https://registry.npmjs.org/onetime cache-miss
674 http fetch GET 200 https://registry.npmjs.org/estree-walker 425ms (cache miss)
675 silly packumentCache full:https://registry.npmjs.org/estree-walker set size:undefined disposed:false
676 silly fetch manifest is-stream@^2.0.0
677 silly packumentCache full:https://registry.npmjs.org/is-stream cache-miss
678 http fetch GET 200 https://registry.npmjs.org/picomatch 458ms (cache miss)
679 silly packumentCache full:https://registry.npmjs.org/picomatch set size:undefined disposed:false
680 silly fetch manifest p-finally@^2.0.0
681 silly packumentCache full:https://registry.npmjs.org/p-finally cache-miss
682 http fetch GET 200 https://registry.npmjs.org/node-gyp-build 460ms (cache miss)
683 silly packumentCache full:https://registry.npmjs.org/node-gyp-build set size:undefined disposed:false
684 silly fetch manifest get-stream@^5.0.0
685 silly packumentCache full:https://registry.npmjs.org/get-stream cache-miss
686 http fetch GET 200 https://registry.npmjs.org/@rollup%2fpluginutils 470ms (cache miss)
687 silly packumentCache full:https://registry.npmjs.org/@rollup%2fpluginutils set size:undefined disposed:false
688 silly fetch manifest cross-spawn@^7.0.0
689 silly packumentCache full:https://registry.npmjs.org/cross-spawn cache-miss
690 http fetch GET 200 https://registry.npmjs.org/acorn 570ms (cache miss)
691 silly packumentCache full:https://registry.npmjs.org/acorn set size:undefined disposed:false
692 silly fetch manifest signal-exit@^3.0.2
693 silly packumentCache full:https://registry.npmjs.org/signal-exit cache-miss
694 http fetch GET 200 https://registry.npmjs.org/@mapbox%2fnode-pre-gyp 573ms (cache miss)
695 silly packumentCache full:https://registry.npmjs.org/@mapbox%2fnode-pre-gyp set size:undefined disposed:false
696 silly fetch manifest merge-stream@^2.0.0
697 silly packumentCache full:https://registry.npmjs.org/merge-stream cache-miss
698 http fetch GET 200 https://registry.npmjs.org/acorn-import-attributes 386ms (cache miss)
699 silly packumentCache full:https://registry.npmjs.org/acorn-import-attributes set size:undefined disposed:false
700 silly fetch manifest npm-run-path@^4.0.0
701 silly packumentCache full:https://registry.npmjs.org/npm-run-path cache-miss
702 http fetch GET 200 https://registry.npmjs.org/onetime 318ms (cache miss)
703 silly packumentCache full:https://registry.npmjs.org/onetime set size:undefined disposed:false
704 silly fetch manifest human-signals@^1.1.1
705 silly packumentCache full:https://registry.npmjs.org/human-signals cache-miss
706 http fetch GET 200 https://registry.npmjs.org/is-stream 372ms (cache miss)
707 silly packumentCache full:https://registry.npmjs.org/is-stream set size:undefined disposed:false
708 silly fetch manifest strip-final-newline@^2.0.0
709 silly packumentCache full:https://registry.npmjs.org/strip-final-newline cache-miss
710 http fetch GET 200 https://registry.npmjs.org/p-finally 343ms (cache miss)
711 silly packumentCache full:https://registry.npmjs.org/p-finally set size:undefined disposed:false
712 silly fetch manifest jsonfile@^6.0.1
713 silly packumentCache full:https://registry.npmjs.org/jsonfile cache-miss
714 http fetch GET 200 https://registry.npmjs.org/glob 832ms (cache miss)
715 silly packumentCache full:https://registry.npmjs.org/glob set size:undefined disposed:false
716 silly fetch manifest graceful-fs@^4.2.0
717 silly packumentCache full:https://registry.npmjs.org/graceful-fs cache-miss
718 http fetch GET 200 https://registry.npmjs.org/get-stream 409ms (cache miss)
719 silly packumentCache full:https://registry.npmjs.org/get-stream set size:undefined disposed:false
720 silly fetch manifest universalify@^2.0.0
721 silly packumentCache full:https://registry.npmjs.org/universalify cache-miss
722 http fetch GET 200 https://registry.npmjs.org/cross-spawn 469ms (cache miss)
723 silly packumentCache full:https://registry.npmjs.org/cross-spawn set size:undefined disposed:false
724 silly fetch manifest @oxc-transform/binding-darwin-x64@0.111.0
725 silly packumentCache full:https://registry.npmjs.org/@oxc-transform%2fbinding-darwin-x64 cache-miss
726 http fetch GET 200 https://registry.npmjs.org/json-schema-to-ts 633ms (cache miss)
727 silly packumentCache full:https://registry.npmjs.org/json-schema-to-ts set size:undefined disposed:false
728 silly fetch manifest @oxc-transform/binding-freebsd-x64@0.111.0
729 silly packumentCache full:https://registry.npmjs.org/@oxc-transform%2fbinding-freebsd-x64 cache-miss
730 http fetch GET 200 https://registry.npmjs.org/merge-stream 412ms (cache miss)
731 silly packumentCache full:https://registry.npmjs.org/merge-stream set size:undefined disposed:false
732 silly fetch manifest @oxc-transform/binding-wasm32-wasi@0.111.0
733 silly packumentCache full:https://registry.npmjs.org/@oxc-transform%2fbinding-wasm32-wasi cache-miss
734 http fetch GET 200 https://registry.npmjs.org/signal-exit 417ms (cache miss)
735 silly packumentCache full:https://registry.npmjs.org/signal-exit set size:undefined disposed:false
736 silly fetch manifest @oxc-transform/binding-darwin-arm64@0.111.0
737 silly packumentCache full:https://registry.npmjs.org/@oxc-transform%2fbinding-darwin-arm64 cache-miss
738 http fetch GET 200 https://registry.npmjs.org/strip-final-newline 324ms (cache miss)
739 silly packumentCache full:https://registry.npmjs.org/strip-final-newline set size:undefined disposed:false
740 silly fetch manifest @oxc-transform/binding-android-arm64@0.111.0
741 silly packumentCache full:https://registry.npmjs.org/@oxc-transform%2fbinding-android-arm64 cache-miss
742 http fetch GET 200 https://registry.npmjs.org/human-signals 417ms (cache miss)
743 silly packumentCache full:https://registry.npmjs.org/human-signals set size:undefined disposed:false
744 silly fetch manifest @oxc-transform/binding-linux-x64-gnu@0.111.0
745 silly packumentCache full:https://registry.npmjs.org/@oxc-transform%2fbinding-linux-x64-gnu cache-miss
746 http cache https://registry.npmjs.org/graceful-fs 301ms (cache hit)
747 silly packumentCache full:https://registry.npmjs.org/graceful-fs set size:124285 disposed:false
748 silly fetch manifest @oxc-transform/binding-linux-x64-musl@0.111.0
749 silly packumentCache full:https://registry.npmjs.org/@oxc-transform%2fbinding-linux-x64-musl cache-miss
750 http fetch GET 200 https://registry.npmjs.org/npm-run-path 469ms (cache miss)
751 silly packumentCache full:https://registry.npmjs.org/npm-run-path set size:undefined disposed:false
752 silly fetch manifest @oxc-transform/binding-win32-x64-msvc@0.111.0
753 silly packumentCache full:https://registry.npmjs.org/@oxc-transform%2fbinding-win32-x64-msvc cache-miss
754 http fetch GET 200 https://registry.npmjs.org/jsonfile 337ms (cache miss)
755 silly packumentCache full:https://registry.npmjs.org/jsonfile set size:undefined disposed:false
756 silly fetch manifest @oxc-transform/binding-linux-arm64-gnu@0.111.0
757 silly packumentCache full:https://registry.npmjs.org/@oxc-transform%2fbinding-linux-arm64-gnu cache-miss
758 http fetch GET 200 https://registry.npmjs.org/universalify 360ms (cache miss)
759 silly packumentCache full:https://registry.npmjs.org/universalify set size:undefined disposed:false
760 silly fetch manifest @oxc-transform/binding-linux-ppc64-gnu@0.111.0
761 silly packumentCache full:https://registry.npmjs.org/@oxc-transform%2fbinding-linux-ppc64-gnu cache-miss
762 http fetch GET 200 https://registry.npmjs.org/@oxc-transform%2fbinding-freebsd-x64 314ms (cache miss)
763 silly packumentCache full:https://registry.npmjs.org/@oxc-transform%2fbinding-freebsd-x64 set size:undefined disposed:false
764 silly fetch manifest @oxc-transform/binding-linux-s390x-gnu@0.111.0
765 silly packumentCache full:https://registry.npmjs.org/@oxc-transform%2fbinding-linux-s390x-gnu cache-miss
766 http fetch GET 200 https://registry.npmjs.org/@oxc-transform%2fbinding-wasm32-wasi 316ms (cache miss)
767 silly packumentCache full:https://registry.npmjs.org/@oxc-transform%2fbinding-wasm32-wasi set size:undefined disposed:false
768 silly fetch manifest @oxc-transform/binding-win32-ia32-msvc@0.111.0
769 silly packumentCache full:https://registry.npmjs.org/@oxc-transform%2fbinding-win32-ia32-msvc cache-miss
770 http fetch GET 200 https://registry.npmjs.org/@oxc-transform%2fbinding-darwin-x64 445ms (cache miss)
771 silly packumentCache full:https://registry.npmjs.org/@oxc-transform%2fbinding-darwin-x64 set size:undefined disposed:false
772 silly fetch manifest @oxc-transform/binding-android-arm-eabi@0.111.0
773 silly packumentCache full:https://registry.npmjs.org/@oxc-transform%2fbinding-android-arm-eabi cache-miss
774 http fetch GET 200 https://registry.npmjs.org/ajv 1104ms (cache miss)
775 silly packumentCache full:https://registry.npmjs.org/ajv set size:undefined disposed:false
776 silly fetch manifest @oxc-transform/binding-linux-arm64-musl@0.111.0
777 silly packumentCache full:https://registry.npmjs.org/@oxc-transform%2fbinding-linux-arm64-musl cache-miss
778 http fetch GET 200 https://registry.npmjs.org/@oxc-transform%2fbinding-darwin-arm64 526ms (cache miss)
779 silly packumentCache full:https://registry.npmjs.org/@oxc-transform%2fbinding-darwin-arm64 set size:undefined disposed:false
780 silly fetch manifest @oxc-transform/binding-win32-arm64-msvc@0.111.0
781 silly packumentCache full:https://registry.npmjs.org/@oxc-transform%2fbinding-win32-arm64-msvc cache-miss
782 http fetch GET 200 https://registry.npmjs.org/@oxc-transform%2fbinding-linux-ppc64-gnu 286ms (cache miss)
783 silly packumentCache full:https://registry.npmjs.org/@oxc-transform%2fbinding-linux-ppc64-gnu set size:undefined disposed:false
784 silly fetch manifest @oxc-transform/binding-linux-riscv64-gnu@0.111.0
785 silly packumentCache full:https://registry.npmjs.org/@oxc-transform%2fbinding-linux-riscv64-gnu cache-miss
786 http fetch GET 200 https://registry.npmjs.org/@oxc-transform%2fbinding-win32-ia32-msvc 333ms (cache miss)
787 silly packumentCache full:https://registry.npmjs.org/@oxc-transform%2fbinding-win32-ia32-msvc set size:undefined disposed:false
788 silly fetch manifest @oxc-transform/binding-openharmony-arm64@0.111.0
789 silly packumentCache full:https://registry.npmjs.org/@oxc-transform%2fbinding-openharmony-arm64 cache-miss
790 http fetch GET 200 https://registry.npmjs.org/@oxc-transform%2fbinding-linux-x64-musl 509ms (cache miss)
791 silly packumentCache full:https://registry.npmjs.org/@oxc-transform%2fbinding-linux-x64-musl set size:undefined disposed:false
792 silly fetch manifest @oxc-transform/binding-linux-riscv64-musl@0.111.0
793 silly packumentCache full:https://registry.npmjs.org/@oxc-transform%2fbinding-linux-riscv64-musl cache-miss
794 http fetch GET 200 https://registry.npmjs.org/@oxc-transform%2fbinding-android-arm64 537ms (cache miss)
795 silly packumentCache full:https://registry.npmjs.org/@oxc-transform%2fbinding-android-arm64 set size:undefined disposed:false
796 silly fetch manifest @oxc-transform/binding-linux-arm-gnueabihf@0.111.0
797 silly packumentCache full:https://registry.npmjs.org/@oxc-transform%2fbinding-linux-arm-gnueabihf cache-miss
798 http fetch GET 200 https://registry.npmjs.org/@oxc-transform%2fbinding-linux-s390x-gnu 408ms (cache miss)
799 silly packumentCache full:https://registry.npmjs.org/@oxc-transform%2fbinding-linux-s390x-gnu set size:undefined disposed:false
800 silly fetch manifest @oxc-transform/binding-linux-arm-musleabihf@0.111.0
801 silly packumentCache full:https://registry.npmjs.org/@oxc-transform%2fbinding-linux-arm-musleabihf cache-miss
802 http fetch GET 200 https://registry.npmjs.org/@oxc-transform%2fbinding-linux-x64-gnu 616ms (cache miss)
803 silly packumentCache full:https://registry.npmjs.org/@oxc-transform%2fbinding-linux-x64-gnu set size:undefined disposed:false
804 silly fetch manifest @oxc-project/types@=0.110.0
805 silly packumentCache full:https://registry.npmjs.org/@oxc-project%2ftypes cache-miss
806 http fetch GET 200 https://registry.npmjs.org/@oxc-transform%2fbinding-linux-arm64-gnu 668ms (cache miss)
807 silly packumentCache full:https://registry.npmjs.org/@oxc-transform%2fbinding-linux-arm64-gnu set size:undefined disposed:false
808 silly fetch manifest @rolldown/pluginutils@1.0.0-rc.1
809 silly packumentCache full:https://registry.npmjs.org/@rolldown%2fpluginutils cache-miss
810 http fetch GET 200 https://registry.npmjs.org/@oxc-transform%2fbinding-win32-x64-msvc 674ms (cache miss)
811 silly packumentCache full:https://registry.npmjs.org/@oxc-transform%2fbinding-win32-x64-msvc set size:undefined disposed:false
812 silly fetch manifest @rolldown/binding-darwin-x64@1.0.0-rc.1
813 silly packumentCache full:https://registry.npmjs.org/@rolldown%2fbinding-darwin-x64 cache-miss
814 http fetch GET 200 https://registry.npmjs.org/@oxc-transform%2fbinding-android-arm-eabi 509ms (cache miss)
815 silly packumentCache full:https://registry.npmjs.org/@oxc-transform%2fbinding-android-arm-eabi set size:undefined disposed:false
816 silly fetch manifest @rolldown/binding-freebsd-x64@1.0.0-rc.1
817 silly packumentCache full:https://registry.npmjs.org/@rolldown%2fbinding-freebsd-x64 cache-miss
818 http fetch GET 200 https://registry.npmjs.org/@oxc-transform%2fbinding-linux-riscv64-gnu 457ms (cache miss)
819 silly packumentCache full:https://registry.npmjs.org/@oxc-transform%2fbinding-linux-riscv64-gnu set size:undefined disposed:false
820 silly fetch manifest @rolldown/binding-wasm32-wasi@1.0.0-rc.1
821 silly packumentCache full:https://registry.npmjs.org/@rolldown%2fbinding-wasm32-wasi cache-miss
822 http fetch GET 200 https://registry.npmjs.org/@oxc-transform%2fbinding-linux-arm64-musl 574ms (cache miss)
823 silly packumentCache full:https://registry.npmjs.org/@oxc-transform%2fbinding-linux-arm64-musl set size:undefined disposed:false
824 silly fetch manifest @rolldown/binding-darwin-arm64@1.0.0-rc.1
825 silly packumentCache full:https://registry.npmjs.org/@rolldown%2fbinding-darwin-arm64 cache-miss
826 http fetch GET 200 https://registry.npmjs.org/@oxc-transform%2fbinding-linux-arm-musleabihf 293ms (cache miss)
827 silly packumentCache full:https://registry.npmjs.org/@oxc-transform%2fbinding-linux-arm-musleabihf set size:undefined disposed:false
828 silly fetch manifest @rolldown/binding-android-arm64@1.0.0-rc.1
829 silly packumentCache full:https://registry.npmjs.org/@rolldown%2fbinding-android-arm64 cache-miss
830 http fetch GET 200 https://registry.npmjs.org/@oxc-transform%2fbinding-openharmony-arm64 603ms (cache miss)
831 silly packumentCache full:https://registry.npmjs.org/@oxc-transform%2fbinding-openharmony-arm64 set size:undefined disposed:false
832 silly fetch manifest @rolldown/binding-linux-x64-gnu@1.0.0-rc.1
833 silly packumentCache full:https://registry.npmjs.org/@rolldown%2fbinding-linux-x64-gnu cache-miss
834 http fetch GET 200 https://registry.npmjs.org/@oxc-transform%2fbinding-win32-arm64-msvc 743ms (cache miss)
835 silly packumentCache full:https://registry.npmjs.org/@oxc-transform%2fbinding-win32-arm64-msvc set size:undefined disposed:false
836 silly fetch manifest @rolldown/binding-linux-x64-musl@1.0.0-rc.1
837 silly packumentCache full:https://registry.npmjs.org/@rolldown%2fbinding-linux-x64-musl cache-miss
838 http fetch GET 200 https://registry.npmjs.org/@oxc-transform%2fbinding-linux-riscv64-musl 681ms (cache miss)
839 silly packumentCache full:https://registry.npmjs.org/@oxc-transform%2fbinding-linux-riscv64-musl set size:undefined disposed:false
840 silly fetch manifest @rolldown/binding-win32-x64-msvc@1.0.0-rc.1
841 silly packumentCache full:https://registry.npmjs.org/@rolldown%2fbinding-win32-x64-msvc cache-miss
842 http fetch GET 200 https://registry.npmjs.org/@oxc-project%2ftypes 598ms (cache miss)
843 silly packumentCache full:https://registry.npmjs.org/@oxc-project%2ftypes set size:undefined disposed:false
844 silly fetch manifest @rolldown/binding-linux-arm64-gnu@1.0.0-rc.1
845 silly packumentCache full:https://registry.npmjs.org/@rolldown%2fbinding-linux-arm64-gnu cache-miss
846 http fetch GET 200 https://registry.npmjs.org/@oxc-transform%2fbinding-linux-arm-gnueabihf 685ms (cache miss)
847 silly packumentCache full:https://registry.npmjs.org/@oxc-transform%2fbinding-linux-arm-gnueabihf set size:undefined disposed:false
848 silly fetch manifest @rolldown/binding-linux-arm64-musl@1.0.0-rc.1
849 silly packumentCache full:https://registry.npmjs.org/@rolldown%2fbinding-linux-arm64-musl cache-miss
850 http fetch GET 200 https://registry.npmjs.org/@rolldown%2fpluginutils 598ms (cache miss)
851 silly packumentCache full:https://registry.npmjs.org/@rolldown%2fpluginutils set size:undefined disposed:false
852 silly fetch manifest @rolldown/binding-win32-arm64-msvc@1.0.0-rc.1
853 silly packumentCache full:https://registry.npmjs.org/@rolldown%2fbinding-win32-arm64-msvc cache-miss
854 http fetch GET 200 https://registry.npmjs.org/@rolldown%2fbinding-android-arm64 737ms (cache miss)
855 silly packumentCache full:https://registry.npmjs.org/@rolldown%2fbinding-android-arm64 set size:undefined disposed:false
856 silly fetch manifest @rolldown/binding-openharmony-arm64@1.0.0-rc.1
857 silly packumentCache full:https://registry.npmjs.org/@rolldown%2fbinding-openharmony-arm64 cache-miss
858 http fetch GET 200 https://registry.npmjs.org/@rolldown%2fbinding-freebsd-x64 922ms (cache miss)
859 silly packumentCache full:https://registry.npmjs.org/@rolldown%2fbinding-freebsd-x64 set size:undefined disposed:false
860 silly fetch manifest @rolldown/binding-linux-arm-gnueabihf@1.0.0-rc.1
861 silly packumentCache full:https://registry.npmjs.org/@rolldown%2fbinding-linux-arm-gnueabihf cache-miss
862 http fetch GET 200 https://registry.npmjs.org/@rolldown%2fbinding-darwin-x64 1191ms (cache miss)
863 silly packumentCache full:https://registry.npmjs.org/@rolldown%2fbinding-darwin-x64 set size:undefined disposed:false
864 silly fetch manifest @ts-morph/common@~0.11.0
865 silly packumentCache full:https://registry.npmjs.org/@ts-morph%2fcommon cache-miss
866 http fetch GET 200 https://registry.npmjs.org/@rolldown%2fbinding-wasm32-wasi 1318ms (cache miss)
867 silly packumentCache full:https://registry.npmjs.org/@rolldown%2fbinding-wasm32-wasi set size:undefined disposed:false
868 silly fetch manifest code-block-writer@^10.1.1
869 silly packumentCache full:https://registry.npmjs.org/code-block-writer cache-miss
870 http fetch GET 200 https://registry.npmjs.org/@rolldown%2fbinding-openharmony-arm64 591ms (cache miss)
871 silly packumentCache full:https://registry.npmjs.org/@rolldown%2fbinding-openharmony-arm64 set size:undefined disposed:false
872 silly fetch manifest get-tsconfig@^4.7.5
873 silly packumentCache full:https://registry.npmjs.org/get-tsconfig cache-miss
874 http fetch GET 200 https://registry.npmjs.org/@rolldown%2fbinding-darwin-arm64 1580ms (cache miss)
875 silly packumentCache full:https://registry.npmjs.org/@rolldown%2fbinding-darwin-arm64 set size:undefined disposed:false
876 silly fetch manifest fsevents@~2.3.3
877 silly packumentCache full:https://registry.npmjs.org/fsevents cache-miss
878 http fetch GET 200 https://registry.npmjs.org/@rolldown%2fbinding-linux-x64-gnu 1331ms (cache miss)
879 silly packumentCache full:https://registry.npmjs.org/@rolldown%2fbinding-linux-x64-gnu set size:undefined disposed:false
880 http fetch GET 200 https://registry.npmjs.org/@ts-morph%2fcommon 801ms (cache miss)
881 silly packumentCache full:https://registry.npmjs.org/@ts-morph%2fcommon set size:undefined disposed:false
882 http fetch GET 200 https://registry.npmjs.org/@rolldown%2fbinding-linux-x64-musl 1622ms (cache miss)
883 silly packumentCache full:https://registry.npmjs.org/@rolldown%2fbinding-linux-x64-musl set size:undefined disposed:false
884 http fetch GET 200 https://registry.npmjs.org/@rolldown%2fbinding-linux-arm64-musl 1558ms (cache miss)
885 silly packumentCache full:https://registry.npmjs.org/@rolldown%2fbinding-linux-arm64-musl set size:undefined disposed:false
886 http fetch GET 200 https://registry.npmjs.org/@rolldown%2fbinding-win32-x64-msvc 1644ms (cache miss)
887 silly packumentCache full:https://registry.npmjs.org/@rolldown%2fbinding-win32-x64-msvc set size:undefined disposed:false
888 http fetch GET 200 https://registry.npmjs.org/code-block-writer 953ms (cache miss)
889 silly packumentCache full:https://registry.npmjs.org/code-block-writer set size:undefined disposed:false
890 http fetch GET 200 https://registry.npmjs.org/get-tsconfig 985ms (cache miss)
891 silly packumentCache full:https://registry.npmjs.org/get-tsconfig set size:undefined disposed:false
892 http fetch GET 200 https://registry.npmjs.org/fsevents 755ms (cache miss)
893 silly packumentCache full:https://registry.npmjs.org/fsevents set size:undefined disposed:false
894 http fetch GET 200 https://registry.npmjs.org/@rolldown%2fbinding-linux-arm64-gnu 2077ms (cache miss)
895 silly packumentCache full:https://registry.npmjs.org/@rolldown%2fbinding-linux-arm64-gnu set size:undefined disposed:false
896 http fetch GET 200 https://registry.npmjs.org/@rolldown%2fbinding-win32-arm64-msvc 2025ms (cache miss)
897 silly packumentCache full:https://registry.npmjs.org/@rolldown%2fbinding-win32-arm64-msvc set size:undefined disposed:false
898 http fetch GET 200 https://registry.npmjs.org/@rolldown%2fbinding-linux-arm-gnueabihf 1646ms (cache miss)
899 silly packumentCache full:https://registry.npmjs.org/@rolldown%2fbinding-linux-arm-gnueabihf set size:undefined disposed:false
900 silly placeDep node_modules/vercel @vercel/oidc@3.8.4 OK for: @vercel/blob@2.8.0 want: ^3.6.1
901 silly placeDep node_modules/vercel async-retry@1.3.3 OK for: @vercel/blob@2.8.0 want: ^1.3.3
902 silly placeDep node_modules/vercel is-buffer@2.0.5 OK for: @vercel/blob@2.8.0 want: ^2.0.5
903 silly placeDep node_modules/vercel is-node-process@1.2.0 OK for: @vercel/blob@2.8.0 want: ^1.2.0
904 silly placeDep node_modules/vercel throttleit@2.1.0 OK for: @vercel/blob@2.8.0 want: ^2.1.0
905 silly placeDep node_modules/vercel/node_modules/@vercel/blob undici@6.28.0 OK for: @vercel/blob@2.8.0 want: ^6.23.0
906 silly fetch manifest @vercel/cli-exec@1.0.1
907 silly packumentCache full:https://registry.npmjs.org/@vercel%2fcli-exec cache-miss
908 silly fetch manifest retry@0.13.1
909 silly packumentCache full:https://registry.npmjs.org/retry cache-miss
910 http fetch GET 200 https://registry.npmjs.org/retry 111ms (cache miss)
911 silly packumentCache full:https://registry.npmjs.org/retry set size:undefined disposed:false
912 http fetch GET 200 https://registry.npmjs.org/@vercel%2fcli-exec 128ms (cache miss)
913 silly packumentCache full:https://registry.npmjs.org/@vercel%2fcli-exec set size:undefined disposed:false
914 silly placeDep node_modules/vercel cjs-module-lexer@1.2.3 OK for: @vercel/build-utils@14.1.1 want: 1.2.3
915 silly placeDep node_modules/vercel es-module-lexer@1.5.0 OK for: @vercel/build-utils@14.1.1 want: 1.5.0
916 silly placeDep node_modules/vercel @napi-rs/keyring@1.2.0 OK for: @vercel/cli-auth@0.3.4 want: 1.2.0
917 silly placeDep node_modules/vercel async-listen@3.0.0 OK for: @vercel/cli-auth@0.3.4 want: 3.0.0
918 silly placeDep node_modules/vercel open@8.4.0 OK for: @vercel/cli-auth@0.3.4 want: 8.4.0
919 silly fetch manifest @napi-rs/keyring-darwin-x64@1.2.0
920 silly packumentCache full:https://registry.npmjs.org/@napi-rs%2fkeyring-darwin-x64 cache-miss
921 silly fetch manifest @napi-rs/keyring-freebsd-x64@1.2.0
922 silly packumentCache full:https://registry.npmjs.org/@napi-rs%2fkeyring-freebsd-x64 cache-miss
923 silly fetch manifest @napi-rs/keyring-darwin-arm64@1.2.0
924 silly packumentCache full:https://registry.npmjs.org/@napi-rs%2fkeyring-darwin-arm64 cache-miss
925 silly fetch manifest @napi-rs/keyring-linux-x64-gnu@1.2.0
926 silly packumentCache full:https://registry.npmjs.org/@napi-rs%2fkeyring-linux-x64-gnu cache-miss
927 silly fetch manifest @napi-rs/keyring-linux-x64-musl@1.2.0
928 silly packumentCache full:https://registry.npmjs.org/@napi-rs%2fkeyring-linux-x64-musl cache-miss
929 silly fetch manifest @napi-rs/keyring-win32-x64-msvc@1.2.0
930 silly packumentCache full:https://registry.npmjs.org/@napi-rs%2fkeyring-win32-x64-msvc cache-miss
931 silly fetch manifest @napi-rs/keyring-linux-arm64-gnu@1.2.0
932 silly packumentCache full:https://registry.npmjs.org/@napi-rs%2fkeyring-linux-arm64-gnu cache-miss
933 silly fetch manifest @napi-rs/keyring-win32-ia32-msvc@1.2.0
934 silly packumentCache full:https://registry.npmjs.org/@napi-rs%2fkeyring-win32-ia32-msvc cache-miss
935 silly fetch manifest @napi-rs/keyring-linux-arm64-musl@1.2.0
936 silly packumentCache full:https://registry.npmjs.org/@napi-rs%2fkeyring-linux-arm64-musl cache-miss
937 silly fetch manifest @napi-rs/keyring-win32-arm64-msvc@1.2.0
938 silly packumentCache full:https://registry.npmjs.org/@napi-rs%2fkeyring-win32-arm64-msvc cache-miss
939 silly fetch manifest @napi-rs/keyring-linux-riscv64-gnu@1.2.0
940 silly packumentCache full:https://registry.npmjs.org/@napi-rs%2fkeyring-linux-riscv64-gnu cache-miss
941 http fetch GET 200 https://registry.npmjs.org/@napi-rs%2fkeyring-darwin-x64 229ms (cache miss)
942 silly packumentCache full:https://registry.npmjs.org/@napi-rs%2fkeyring-darwin-x64 set size:undefined disposed:false
943 silly fetch manifest @napi-rs/keyring-linux-arm-gnueabihf@1.2.0
944 silly packumentCache full:https://registry.npmjs.org/@napi-rs%2fkeyring-linux-arm-gnueabihf cache-miss
945 http fetch GET 200 https://registry.npmjs.org/@napi-rs%2fkeyring-linux-riscv64-gnu 345ms (cache miss)
946 silly packumentCache full:https://registry.npmjs.org/@napi-rs%2fkeyring-linux-riscv64-gnu set size:undefined disposed:false
947 silly fetch manifest is-wsl@^2.2.0
948 silly packumentCache full:https://registry.npmjs.org/is-wsl cache-miss
949 http fetch GET 200 https://registry.npmjs.org/@napi-rs%2fkeyring-darwin-arm64 350ms (cache miss)
950 silly packumentCache full:https://registry.npmjs.org/@napi-rs%2fkeyring-darwin-arm64 set size:undefined disposed:false
951 silly fetch manifest is-docker@^2.1.1
952 silly packumentCache full:https://registry.npmjs.org/is-docker cache-miss
953 http fetch GET 200 https://registry.npmjs.org/@napi-rs%2fkeyring-win32-x64-msvc 349ms (cache miss)
954 silly packumentCache full:https://registry.npmjs.org/@napi-rs%2fkeyring-win32-x64-msvc set size:undefined disposed:false
955 silly fetch manifest define-lazy-prop@^2.0.0
956 silly packumentCache full:https://registry.npmjs.org/define-lazy-prop cache-miss
957 http fetch GET 200 https://registry.npmjs.org/@napi-rs%2fkeyring-linux-x64-gnu 353ms (cache miss)
958 silly packumentCache full:https://registry.npmjs.org/@napi-rs%2fkeyring-linux-x64-gnu set size:undefined disposed:false
959 http fetch GET 200 https://registry.npmjs.org/@napi-rs%2fkeyring-freebsd-x64 402ms (cache miss)
960 silly packumentCache full:https://registry.npmjs.org/@napi-rs%2fkeyring-freebsd-x64 set size:undefined disposed:false
961 http fetch GET 200 https://registry.npmjs.org/@napi-rs%2fkeyring-linux-arm64-musl 400ms (cache miss)
962 silly packumentCache full:https://registry.npmjs.org/@napi-rs%2fkeyring-linux-arm64-musl set size:undefined disposed:false
963 http fetch GET 200 https://registry.npmjs.org/@napi-rs%2fkeyring-linux-x64-musl 459ms (cache miss)
964 silly packumentCache full:https://registry.npmjs.org/@napi-rs%2fkeyring-linux-x64-musl set size:undefined disposed:false
965 http fetch GET 200 https://registry.npmjs.org/@napi-rs%2fkeyring-win32-arm64-msvc 463ms (cache miss)
966 silly packumentCache full:https://registry.npmjs.org/@napi-rs%2fkeyring-win32-arm64-msvc set size:undefined disposed:false
967 http fetch GET 200 https://registry.npmjs.org/@napi-rs%2fkeyring-win32-ia32-msvc 489ms (cache miss)
968 silly packumentCache full:https://registry.npmjs.org/@napi-rs%2fkeyring-win32-ia32-msvc set size:undefined disposed:false
969 http fetch GET 200 https://registry.npmjs.org/@napi-rs%2fkeyring-linux-arm64-gnu 556ms (cache miss)
970 silly packumentCache full:https://registry.npmjs.org/@napi-rs%2fkeyring-linux-arm64-gnu set size:undefined disposed:false
971 http fetch GET 200 https://registry.npmjs.org/@napi-rs%2fkeyring-linux-arm-gnueabihf 375ms (cache miss)
972 silly packumentCache full:https://registry.npmjs.org/@napi-rs%2fkeyring-linux-arm-gnueabihf set size:undefined disposed:false
973 http fetch GET 200 https://registry.npmjs.org/is-wsl 286ms (cache miss)
974 silly packumentCache full:https://registry.npmjs.org/is-wsl set size:undefined disposed:false
975 http fetch GET 200 https://registry.npmjs.org/define-lazy-prop 283ms (cache miss)
976 silly packumentCache full:https://registry.npmjs.org/define-lazy-prop set size:undefined disposed:false
977 http fetch GET 200 https://registry.npmjs.org/is-docker 288ms (cache miss)
978 silly packumentCache full:https://registry.npmjs.org/is-docker set size:undefined disposed:false
979 silly placeDep node_modules/vercel @napi-rs/keyring-darwin-arm64@1.2.0 OK for: @napi-rs/keyring@1.2.0 want: 1.2.0
980 silly placeDep node_modules/vercel @napi-rs/keyring-darwin-x64@1.2.0 OK for: @napi-rs/keyring@1.2.0 want: 1.2.0
981 silly placeDep node_modules/vercel @napi-rs/keyring-freebsd-x64@1.2.0 OK for: @napi-rs/keyring@1.2.0 want: 1.2.0
982 silly placeDep node_modules/vercel @napi-rs/keyring-linux-arm-gnueabihf@1.2.0 OK for: @napi-rs/keyring@1.2.0 want: 1.2.0
983 silly placeDep node_modules/vercel @napi-rs/keyring-linux-arm64-gnu@1.2.0 OK for: @napi-rs/keyring@1.2.0 want: 1.2.0
984 silly placeDep node_modules/vercel @napi-rs/keyring-linux-arm64-musl@1.2.0 OK for: @napi-rs/keyring@1.2.0 want: 1.2.0
985 silly placeDep node_modules/vercel @napi-rs/keyring-linux-riscv64-gnu@1.2.0 OK for: @napi-rs/keyring@1.2.0 want: 1.2.0
986 silly placeDep node_modules/vercel @napi-rs/keyring-linux-x64-gnu@1.2.0 OK for: @napi-rs/keyring@1.2.0 want: 1.2.0
987 silly placeDep node_modules/vercel @napi-rs/keyring-linux-x64-musl@1.2.0 OK for: @napi-rs/keyring@1.2.0 want: 1.2.0
988 silly placeDep node_modules/vercel @napi-rs/keyring-win32-arm64-msvc@1.2.0 OK for: @napi-rs/keyring@1.2.0 want: 1.2.0
989 silly placeDep node_modules/vercel @napi-rs/keyring-win32-ia32-msvc@1.2.0 OK for: @napi-rs/keyring@1.2.0 want: 1.2.0
990 silly placeDep node_modules/vercel @napi-rs/keyring-win32-x64-msvc@1.2.0 OK for: @napi-rs/keyring@1.2.0 want: 1.2.0
991 silly placeDep node_modules/vercel xdg-app-paths@5.5.1 OK for: @vercel/cli-config@0.2.3 want: 5
992 silly fetch manifest os-paths@^4.0.1
993 silly packumentCache full:https://registry.npmjs.org/os-paths cache-miss
994 silly fetch manifest xdg-portable@^7.2.0
995 silly packumentCache full:https://registry.npmjs.org/xdg-portable cache-miss
996 http fetch GET 200 https://registry.npmjs.org/os-paths 100ms (cache miss)
997 silly packumentCache full:https://registry.npmjs.org/os-paths set size:undefined disposed:false
998 http fetch GET 200 https://registry.npmjs.org/xdg-portable 133ms (cache miss)
999 silly packumentCache full:https://registry.npmjs.org/xdg-portable set size:undefined disposed:false
1000 silly placeDep node_modules/vercel @vercel/cervel@0.1.46 OK for: @vercel/express@0.1.129 want: 0.1.46
1001 silly placeDep node_modules/vercel/node_modules/@vercel/express zod@3.22.4 OK for: @vercel/express@0.1.129 want: 3.22.4
1002 silly fetch manifest encoding@^0.1.0
1003 silly packumentCache full:https://registry.npmjs.org/encoding cache-miss
1004 http fetch GET 200 https://registry.npmjs.org/encoding 76ms (cache miss)
1005 silly packumentCache full:https://registry.npmjs.org/encoding set size:undefined disposed:false
1006 silly placeDep node_modules/vercel @tootallnate/once@2.0.0 OK for: @vercel/fun@1.3.0 want: 2.0.0
1007 silly placeDep node_modules/vercel/node_modules/@vercel/fun async-listen@1.2.0 OK for: @vercel/fun@1.3.0 want: 1.2.0
1008 silly placeDep node_modules/vercel debug@4.3.4 OK for: @vercel/fun@1.3.0 want: 4.3.4
1009 silly placeDep node_modules/vercel generic-pool@3.4.2 OK for: @vercel/fun@1.3.0 want: 3.4.2
1010 silly placeDep node_modules/vercel micro@9.3.5-canary.3 OK for: @vercel/fun@1.3.0 want: 9.3.5-canary.3
1011 silly placeDep node_modules/vercel ms@2.1.1 OK for: @vercel/fun@1.3.0 want: 2.1.1
1012 silly placeDep node_modules/vercel node-fetch@2.6.7 OK for: @vercel/fun@1.3.0 want: 2.6.7
1013 silly placeDep node_modules/vercel/node_modules/@vercel/fun path-to-regexp@8.2.0 OK for: @vercel/fun@1.3.0 want: 8.2.0
1014 silly placeDep node_modules/vercel promisepipe@3.0.0 OK for: @vercel/fun@1.3.0 want: 3.0.0
1015 silly placeDep node_modules/vercel semver@7.5.4 OK for: @vercel/fun@1.3.0 want: 7.5.4
1016 silly placeDep node_modules/vercel stat-mode@0.3.0 OK for: @vercel/fun@1.3.0 want: 0.3.0
1017 silly placeDep node_modules/vercel stream-to-promise@2.2.0 OK for: @vercel/fun@1.3.0 want: 2.2.0
1018 silly placeDep node_modules/vercel tar@7.5.7 OK for: @vercel/fun@1.3.0 want: 7.5.7
1019 silly placeDep node_modules/vercel tinyexec@0.3.2 OK for: @vercel/fun@1.3.0 want: 0.3.2
1020 silly placeDep node_modules/vercel tree-kill@1.2.2 OK for: @vercel/fun@1.3.0 want: 1.2.2
1021 silly placeDep node_modules/vercel uid-promise@1.0.0 OK for: @vercel/fun@1.3.0 want: 1.0.0
1022 silly placeDep node_modules/vercel/node_modules/@vercel/fun xdg-app-paths@5.1.0 OK for: @vercel/fun@1.3.0 want: 5.1.0
1023 silly placeDep node_modules/vercel yauzl-promise@2.1.3 OK for: @vercel/fun@1.3.0 want: 2.1.3
1024 silly fetch manifest ms@2.1.2
1025 silly packumentCache full:https://registry.npmjs.org/ms cache-miss
1026 silly fetch manifest arg@4.1.0
1027 silly packumentCache full:https://registry.npmjs.org/arg cache-miss
1028 silly fetch manifest raw-body@2.4.1
1029 silly packumentCache full:https://registry.npmjs.org/raw-body cache-miss
1030 silly fetch manifest content-type@1.0.4
1031 silly packumentCache full:https://registry.npmjs.org/content-type cache-miss
1032 silly fetch manifest whatwg-url@^5.0.0
1033 silly packumentCache full:https://registry.npmjs.org/whatwg-url cache-miss
1034 silly fetch manifest lru-cache@^6.0.0
1035 silly packumentCache full:https://registry.npmjs.org/lru-cache cache-miss
1036 silly fetch manifest any-promise@~1.3.0
1037 silly packumentCache full:https://registry.npmjs.org/any-promise cache-miss
1038 silly fetch manifest end-of-stream@~1.1.0
1039 silly packumentCache full:https://registry.npmjs.org/end-of-stream cache-miss
1040 silly fetch manifest stream-to-array@~2.3.0
1041 silly packumentCache full:https://registry.npmjs.org/stream-to-array cache-miss
1042 silly fetch manifest chownr@^3.0.0
1043 silly packumentCache full:https://registry.npmjs.org/chownr cache-miss
1044 silly fetch manifest yallist@^5.0.0
1045 silly packumentCache full:https://registry.npmjs.org/yallist cache-miss
1046 http cache https://registry.npmjs.org/ms 19ms (cache hit)
1047 silly packumentCache full:https://registry.npmjs.org/ms set size:92208 disposed:false
1048 silly fetch manifest minipass@^7.1.2
1049 silly packumentCache full:https://registry.npmjs.org/minipass cache-miss
1050 http fetch GET 200 https://registry.npmjs.org/content-type 259ms (cache miss)
1051 silly packumentCache full:https://registry.npmjs.org/content-type set size:undefined disposed:false
1052 silly fetch manifest minizlib@^3.1.0
1053 silly packumentCache full:https://registry.npmjs.org/minizlib cache-miss
1054 http fetch GET 200 https://registry.npmjs.org/arg 292ms (cache miss)
1055 silly packumentCache full:https://registry.npmjs.org/arg set size:undefined disposed:false
1056 silly fetch manifest @isaacs/fs-minipass@^4.0.0
1057 silly packumentCache full:https://registry.npmjs.org/@isaacs%2ffs-minipass cache-miss
1058 http fetch GET 200 https://registry.npmjs.org/stream-to-array 301ms (cache miss)
1059 silly packumentCache full:https://registry.npmjs.org/stream-to-array set size:undefined disposed:false
1060 silly fetch manifest xdg-portable@^7.0.0
1061 silly packumentCache full:https://registry.npmjs.org/xdg-portable cache-miss
1062 http fetch GET 200 https://registry.npmjs.org/any-promise 304ms (cache miss)
1063 silly packumentCache full:https://registry.npmjs.org/any-promise set size:undefined disposed:false
1064 silly fetch manifest yauzl@^2.9.1
1065 silly packumentCache full:https://registry.npmjs.org/yauzl cache-miss
1066 http fetch GET 200 https://registry.npmjs.org/end-of-stream 306ms (cache miss)
1067 silly packumentCache full:https://registry.npmjs.org/end-of-stream set size:undefined disposed:false
1068 silly fetch manifest yauzl-clone@^1.0.4
1069 silly packumentCache full:https://registry.npmjs.org/yauzl-clone cache-miss
1070 http fetch GET 200 https://registry.npmjs.org/yallist 316ms (cache miss)
1071 silly packumentCache full:https://registry.npmjs.org/yallist set size:undefined disposed:false
1072 http fetch GET 200 https://registry.npmjs.org/chownr 342ms (cache miss)
1073 silly packumentCache full:https://registry.npmjs.org/chownr set size:undefined disposed:false
1074 http fetch GET 200 https://registry.npmjs.org/raw-body 359ms (cache miss)
1075 silly packumentCache full:https://registry.npmjs.org/raw-body set size:undefined disposed:false
1076 http fetch GET 200 https://registry.npmjs.org/whatwg-url 469ms (cache miss)
1077 silly packumentCache full:https://registry.npmjs.org/whatwg-url set size:undefined disposed:false
1078 http cache https://registry.npmjs.org/xdg-portable 250ms (cache hit)
1079 silly packumentCache full:https://registry.npmjs.org/xdg-portable set size:329210 disposed:false
1080 http fetch GET 200 https://registry.npmjs.org/minipass 538ms (cache miss)
1081 silly packumentCache full:https://registry.npmjs.org/minipass set size:undefined disposed:false
1082 http fetch GET 200 https://registry.npmjs.org/@isaacs%2ffs-minipass 299ms (cache miss)
1083 silly packumentCache full:https://registry.npmjs.org/@isaacs%2ffs-minipass set size:undefined disposed:false
1084 http fetch GET 200 https://registry.npmjs.org/yauzl-clone 306ms (cache miss)
1085 silly packumentCache full:https://registry.npmjs.org/yauzl-clone set size:undefined disposed:false
1086 http fetch GET 200 https://registry.npmjs.org/minizlib 374ms (cache miss)
1087 silly packumentCache full:https://registry.npmjs.org/minizlib set size:undefined disposed:false
1088 http fetch GET 200 https://registry.npmjs.org/lru-cache 636ms (cache miss)
1089 silly packumentCache full:https://registry.npmjs.org/lru-cache set size:undefined disposed:false
1090 http fetch GET 200 https://registry.npmjs.org/yauzl 413ms (cache miss)
1091 silly packumentCache full:https://registry.npmjs.org/yauzl set size:undefined disposed:false
1092 silly placeDep node_modules/vercel/node_modules/@vercel/hono zod@3.22.4 OK for: @vercel/hono@0.2.118 want: 3.22.4
1093 silly fetch manifest rollup@^1.20.0||^2.0.0||^3.0.0||^4.0.0
1094 silly packumentCache full:https://registry.npmjs.org/rollup cache-miss
1095 http fetch GET 200 https://registry.npmjs.org/rollup 315ms (cache miss)
1096 silly packumentCache full:https://registry.npmjs.org/rollup set size:undefined disposed:false
1097 silly placeDep node_modules/vercel @mapbox/node-pre-gyp@2.0.3 OK for: @vercel/nft@1.10.0 want: ^2.0.0
1098 silly placeDep node_modules/vercel @rollup/pluginutils@5.4.0 OK for: @vercel/nft@1.10.0 want: ^5.1.3
1099 silly placeDep node_modules/vercel acorn@8.18.0 OK for: @vercel/nft@1.10.0 want: ^8.6.0
1100 silly placeDep node_modules/vercel acorn-import-attributes@1.9.5 OK for: @vercel/nft@1.10.0 want: ^1.9.5
1101 silly placeDep node_modules/vercel async-sema@3.1.1 OK for: @vercel/nft@1.10.0 want: ^3.1.1
1102 silly placeDep node_modules/vercel bindings@1.5.0 OK for: @vercel/nft@1.10.0 want: ^1.4.0
1103 silly placeDep node_modules/vercel estree-walker@2.0.2 OK for: @vercel/nft@1.10.0 want: 2.0.2
1104 silly placeDep node_modules/vercel glob@13.0.6 OK for: @vercel/nft@1.10.0 want: ^13.0.0
1105 silly placeDep node_modules/vercel graceful-fs@4.2.11 OK for: @vercel/nft@1.10.0 want: ^4.2.9
1106 silly placeDep node_modules/vercel node-gyp-build@4.8.4 OK for: @vercel/nft@1.10.0 want: ^4.2.2
1107 silly placeDep node_modules/vercel picomatch@4.0.5 OK for: @vercel/nft@1.10.0 want: ^4.0.2
1108 silly placeDep node_modules/vercel resolve-from@5.0.0 OK for: @vercel/nft@1.10.0 want: ^5.0.0
1109 silly fetch manifest nopt@^8.0.0
1110 silly packumentCache full:https://registry.npmjs.org/nopt cache-miss
1111 silly fetch manifest consola@^3.2.3
1112 silly packumentCache full:https://registry.npmjs.org/consola cache-miss
1113 silly fetch manifest detect-libc@^2.0.0
1114 silly packumentCache full:https://registry.npmjs.org/detect-libc cache-miss
1115 silly fetch manifest https-proxy-agent@^7.0.5
1116 silly packumentCache full:https://registry.npmjs.org/https-proxy-agent cache-miss
1117 silly fetch manifest @types/estree@^1.0.0
1118 silly packumentCache full:https://registry.npmjs.org/@types%2festree cache-miss
1119 silly fetch manifest estree-walker@^2.0.2
1120 silly packumentCache full:https://registry.npmjs.org/estree-walker cache-miss
1121 silly fetch manifest file-uri-to-path@1.0.0
1122 silly packumentCache full:https://registry.npmjs.org/file-uri-to-path cache-miss
1123 silly fetch manifest minimatch@^10.2.2
1124 silly packumentCache full:https://registry.npmjs.org/minimatch cache-miss
1125 silly fetch manifest minipass@^7.1.3
1126 silly packumentCache full:https://registry.npmjs.org/minipass cache-miss
1127 silly fetch manifest path-scurry@^2.0.2
1128 silly packumentCache full:https://registry.npmjs.org/path-scurry cache-miss
1129 http cache https://registry.npmjs.org/estree-walker 130ms (cache hit)
1130 silly packumentCache full:https://registry.npmjs.org/estree-walker set size:60887 disposed:false
1131 http cache https://registry.npmjs.org/minipass 152ms (cache hit)
1132 silly packumentCache full:https://registry.npmjs.org/minipass set size:276925 disposed:false
1133 http cache https://registry.npmjs.org/minimatch 156ms (cache hit)
1134 silly packumentCache full:https://registry.npmjs.org/minimatch set size:377924 disposed:false
1135 http fetch GET 200 https://registry.npmjs.org/file-uri-to-path 219ms (cache miss)
1136 silly packumentCache full:https://registry.npmjs.org/file-uri-to-path set size:undefined disposed:false
1137 http fetch GET 200 https://registry.npmjs.org/detect-libc 232ms (cache miss)
1138 silly packumentCache full:https://registry.npmjs.org/detect-libc set size:undefined disposed:false
1139 http fetch GET 200 https://registry.npmjs.org/nopt 299ms (cache miss)
1140 silly packumentCache full:https://registry.npmjs.org/nopt set size:undefined disposed:false
1141 http fetch GET 200 https://registry.npmjs.org/https-proxy-agent 298ms (cache miss)
1142 silly packumentCache full:https://registry.npmjs.org/https-proxy-agent set size:undefined disposed:false
1143 http fetch GET 200 https://registry.npmjs.org/path-scurry 298ms (cache miss)
1144 silly packumentCache full:https://registry.npmjs.org/path-scurry set size:undefined disposed:false
1145 http fetch GET 200 https://registry.npmjs.org/@types%2festree 314ms (cache miss)
1146 silly packumentCache full:https://registry.npmjs.org/@types%2festree set size:undefined disposed:false
1147 http fetch GET 200 https://registry.npmjs.org/consola 345ms (cache miss)
1148 silly packumentCache full:https://registry.npmjs.org/consola set size:undefined disposed:false
1149 silly placeDep node_modules/vercel consola@3.4.2 OK for: @mapbox/node-pre-gyp@2.0.3 want: ^3.2.3
1150 silly placeDep node_modules/vercel detect-libc@2.1.2 OK for: @mapbox/node-pre-gyp@2.0.3 want: ^2.0.0
1151 silly placeDep node_modules/vercel https-proxy-agent@7.0.6 OK for: @mapbox/node-pre-gyp@2.0.3 want: ^7.0.5
1152 silly placeDep node_modules/vercel nopt@8.1.0 OK for: @mapbox/node-pre-gyp@2.0.3 want: ^8.0.0
1153 silly fetch manifest agent-base@^7.1.2
1154 silly packumentCache full:https://registry.npmjs.org/agent-base cache-miss
1155 silly fetch manifest abbrev@^3.0.0
1156 silly packumentCache full:https://registry.npmjs.org/abbrev cache-miss
1157 http fetch GET 200 https://registry.npmjs.org/abbrev 82ms (cache miss)
1158 silly packumentCache full:https://registry.npmjs.org/abbrev set size:undefined disposed:false
1159 http fetch GET 200 https://registry.npmjs.org/agent-base 108ms (cache miss)
1160 silly packumentCache full:https://registry.npmjs.org/agent-base set size:undefined disposed:false
1161 silly placeDep node_modules/vercel @types/estree@1.0.9 OK for: @rollup/pluginutils@5.4.0 want: ^1.0.0
1162 silly placeDep node_modules/vercel @edge-runtime/node-utils@2.3.0 OK for: @vercel/node@5.10.1 want: 2.3.0
1163 silly placeDep node_modules/vercel @edge-runtime/primitives@4.1.0 OK for: @vercel/node@5.10.1 want: 4.1.0
1164 silly placeDep node_modules/vercel @edge-runtime/vm@3.2.0 OK for: @vercel/node@5.10.1 want: 3.2.0
1165 silly placeDep node_modules/vercel @types/node@20.11.0 OK for: @vercel/node@5.10.1 want: 20.11.0
1166 silly placeDep node_modules/vercel @vercel/error-utils@2.2.1 OK for: @vercel/node@5.10.1 want: 2.2.1
1167 silly placeDep node_modules/vercel edge-runtime@2.5.9 OK for: @vercel/node@5.10.1 want: 2.5.9
1168 silly placeDep node_modules/vercel/node_modules/@vercel/node es-module-lexer@1.4.1 OK for: @vercel/node@5.10.1 want: 1.4.1
1169 silly placeDep node_modules/vercel etag@1.8.1 OK for: @vercel/node@5.10.1 want: 1.8.1
1170 silly placeDep node_modules/vercel mime-types@2.1.35 OK for: @vercel/node@5.10.1 want: 2.1.35
1171 silly placeDep node_modules/vercel/node_modules/@vercel/node node-fetch@2.6.9 OK for: @vercel/node@5.10.1 want: 2.6.9
1172 silly placeDep node_modules/vercel/node_modules/@vercel/node path-to-regexp@6.1.0 OK for: @vercel/node@5.10.1 want: 6.1.0
1173 silly placeDep node_modules/vercel path-to-regexp-updated@6.3.0 OK for: @vercel/node@5.10.1 want: npm:path-to-regexp@6.3.0
1174 silly placeDep node_modules/vercel typescript@5.9.3 OK for: @vercel/node@5.10.1 want: npm:typescript@5.9.3
1175 silly placeDep node_modules/vercel/node_modules/@vercel/node undici@5.28.4 OK for: @vercel/node@5.10.1 want: 5.28.4
1176 silly fetch manifest undici-types@~5.26.4
1177 silly packumentCache full:https://registry.npmjs.org/undici-types cache-miss
1178 silly fetch manifest mri@1.2.0
1179 silly packumentCache full:https://registry.npmjs.org/mri cache-miss
1180 silly fetch manifest pretty-ms@7.0.1
1181 silly packumentCache full:https://registry.npmjs.org/pretty-ms cache-miss
1182 silly fetch manifest time-span@4.0.0
1183 silly packumentCache full:https://registry.npmjs.org/time-span cache-miss
1184 silly fetch manifest picocolors@1.0.0
1185 silly packumentCache full:https://registry.npmjs.org/picocolors cache-miss
1186 silly fetch manifest signal-exit@4.0.2
1187 silly packumentCache full:https://registry.npmjs.org/signal-exit cache-miss
1188 silly fetch manifest async-listen@3.0.1
1189 silly packumentCache full:https://registry.npmjs.org/async-listen cache-hit
1190 silly fetch manifest @edge-runtime/format@2.2.1
1191 silly packumentCache full:https://registry.npmjs.org/@edge-runtime%2fformat cache-miss
1192 silly fetch manifest @edge-runtime/ponyfill@2.4.2
1193 silly packumentCache full:https://registry.npmjs.org/@edge-runtime%2fponyfill cache-miss
1194 silly fetch manifest mime-db@1.52.0
1195 silly packumentCache full:https://registry.npmjs.org/mime-db cache-miss
1196 http cache https://registry.npmjs.org/signal-exit 107ms (cache hit)
1197 silly packumentCache full:https://registry.npmjs.org/signal-exit set size:53489 disposed:false
1198 http fetch GET 200 https://registry.npmjs.org/time-span 208ms (cache miss)
1199 silly packumentCache full:https://registry.npmjs.org/time-span set size:undefined disposed:false
1200 http fetch GET 200 https://registry.npmjs.org/mri 224ms (cache miss)
1201 silly packumentCache full:https://registry.npmjs.org/mri set size:undefined disposed:false
1202 http fetch GET 200 https://registry.npmjs.org/picocolors 272ms (cache miss)
1203 silly packumentCache full:https://registry.npmjs.org/picocolors set size:undefined disposed:false
1204 http fetch GET 200 https://registry.npmjs.org/@edge-runtime%2fponyfill 291ms (cache miss)
1205 silly packumentCache full:https://registry.npmjs.org/@edge-runtime%2fponyfill set size:undefined disposed:false
1206 http fetch GET 200 https://registry.npmjs.org/pretty-ms 296ms (cache miss)
1207 silly packumentCache full:https://registry.npmjs.org/pretty-ms set size:undefined disposed:false
1208 http fetch GET 200 https://registry.npmjs.org/@edge-runtime%2fformat 306ms (cache miss)
1209 silly packumentCache full:https://registry.npmjs.org/@edge-runtime%2fformat set size:undefined disposed:false
1210 http fetch GET 200 https://registry.npmjs.org/mime-db 306ms (cache miss)
1211 silly packumentCache full:https://registry.npmjs.org/mime-db set size:undefined disposed:false
1212 http fetch GET 200 https://registry.npmjs.org/undici-types 313ms (cache miss)
1213 silly packumentCache full:https://registry.npmjs.org/undici-types set size:undefined disposed:false
1214 silly placeDep node_modules/vercel undici-types@5.26.5 OK for: @types/node@20.11.0 want: ~5.26.4
1215 silly placeDep node_modules/vercel @vercel/cli-exec@1.0.1 OK for: @vercel/oidc@3.8.4 want: 1.0.1
1216 silly fetch manifest execa@5.1.1
1217 silly packumentCache full:https://registry.npmjs.org/execa cache-hit
1218 silly placeDep node_modules/vercel/node_modules/@vercel/cli-exec execa@5.1.1 OK for: @vercel/cli-exec@1.0.1 want: 5.1.1
1219 silly fetch manifest onetime@^5.1.2
1220 silly packumentCache full:https://registry.npmjs.org/onetime cache-miss
1221 silly fetch manifest get-stream@^6.0.0
1222 silly packumentCache full:https://registry.npmjs.org/get-stream cache-miss
1223 silly fetch manifest cross-spawn@^7.0.3
1224 silly packumentCache full:https://registry.npmjs.org/cross-spawn cache-miss
1225 silly fetch manifest signal-exit@^3.0.3
1226 silly packumentCache full:https://registry.npmjs.org/signal-exit cache-hit
1227 silly fetch manifest npm-run-path@^4.0.1
1228 silly packumentCache full:https://registry.npmjs.org/npm-run-path cache-miss
1229 silly fetch manifest human-signals@^2.1.0
1230 silly packumentCache full:https://registry.npmjs.org/human-signals cache-miss
1231 http cache https://registry.npmjs.org/get-stream 22ms (cache hit)
1232 silly packumentCache full:https://registry.npmjs.org/get-stream set size:57536 disposed:false
1233 http cache https://registry.npmjs.org/npm-run-path 24ms (cache hit)
1234 silly packumentCache full:https://registry.npmjs.org/npm-run-path set size:33596 disposed:false
1235 http cache https://registry.npmjs.org/cross-spawn 26ms (cache hit)
1236 silly packumentCache full:https://registry.npmjs.org/cross-spawn set size:109066 disposed:false
1237 http cache https://registry.npmjs.org/human-signals 27ms (cache hit)
1238 silly packumentCache full:https://registry.npmjs.org/human-signals set size:47322 disposed:false
1239 http cache https://registry.npmjs.org/onetime 32ms (cache hit)
1240 silly packumentCache full:https://registry.npmjs.org/onetime set size:32314 disposed:false
1241 silly placeDep node_modules/vercel @bytecodealliance/preview2-shim@0.17.6 OK for: @vercel/python-analysis@0.13.2 want: 0.17.6
1242 silly placeDep node_modules/vercel @renovatebot/pep440@4.2.1 OK for: @vercel/python-analysis@0.13.2 want: 4.2.1
1243 silly placeDep node_modules/vercel/node_modules/@vercel/python-analysis fs-extra@11.1.1 OK for: @vercel/python-analysis@0.13.2 want: 11.1.1
1244 silly placeDep node_modules/vercel js-yaml@4.1.1 OK for: @vercel/python-analysis@0.13.2 want: 4.1.1
1245 silly placeDep node_modules/vercel minimatch@10.1.1 OK for: @vercel/python-analysis@0.13.2 want: 10.1.1
1246 silly placeDep node_modules/vercel/node_modules/@vercel/python-analysis zod@3.22.4 OK for: @vercel/python-analysis@0.13.2 want: 3.22.4
1247 silly fetch manifest argparse@^2.0.1
1248 silly packumentCache full:https://registry.npmjs.org/argparse cache-miss
1249 silly fetch manifest @isaacs/brace-expansion@^5.0.0
1250 silly packumentCache full:https://registry.npmjs.org/@isaacs%2fbrace-expansion cache-miss
1251 http fetch GET 200 https://registry.npmjs.org/argparse 119ms (cache miss)
1252 silly packumentCache full:https://registry.npmjs.org/argparse set size:undefined disposed:false
1253 http fetch GET 200 https://registry.npmjs.org/@isaacs%2fbrace-expansion 267ms (cache miss)
1254 silly packumentCache full:https://registry.npmjs.org/@isaacs%2fbrace-expansion set size:undefined disposed:false
1255 silly placeDep node_modules/vercel/node_modules/@vercel/redwood semver@6.3.1 OK for: @vercel/redwood@2.5.2 want: 6.3.1
1256 silly placeDep node_modules/vercel/node_modules/@vercel/remix-builder path-to-regexp@6.1.0 OK for: @vercel/remix-builder@5.9.5 want: 6.1.0
1257 silly placeDep node_modules/vercel/node_modules/@vercel/rust execa@5.1.1 OK for: @vercel/rust@1.4.2 want: 5
1258 silly placeDep node_modules/vercel @vercel/gatsby-plugin-vercel-analytics@1.0.12 OK for: @vercel/static-build@2.12.7 want: 1.0.12
1259 silly placeDep node_modules/vercel @vercel/gatsby-plugin-vercel-builder@2.2.41 OK for: @vercel/static-build@2.12.7 want: 2.2.41
1260 silly fetch manifest web-vitals@0.2.4
1261 silly packumentCache full:https://registry.npmjs.org/web-vitals cache-miss
1262 silly fetch manifest @sinclair/typebox@0.25.24
1263 silly packumentCache full:https://registry.npmjs.org/@sinclair%2ftypebox cache-miss
1264 http fetch GET 200 https://registry.npmjs.org/web-vitals 86ms (cache miss)
1265 silly packumentCache full:https://registry.npmjs.org/web-vitals set size:undefined disposed:false
1266 http fetch GET 200 https://registry.npmjs.org/@sinclair%2ftypebox 163ms (cache miss)
1267 silly packumentCache full:https://registry.npmjs.org/@sinclair%2ftypebox set size:undefined disposed:false
1268 silly placeDep node_modules/vercel web-vitals@0.2.4 OK for: @vercel/gatsby-plugin-vercel-analytics@1.0.12 want: 0.2.4
1269 silly placeDep node_modules/vercel @sinclair/typebox@0.25.24 OK for: @vercel/gatsby-plugin-vercel-builder@2.2.41 want: 0.25.24
1270 silly placeDep node_modules/vercel ajv@8.6.3 OK for: @vercel/static-config@3.4.1 want: 8.6.3
1271 silly placeDep node_modules/vercel json-schema-to-ts@1.6.4 OK for: @vercel/static-config@3.4.1 want: 1.6.4
1272 silly fetch manifest uri-js@^4.2.2
1273 silly packumentCache full:https://registry.npmjs.org/uri-js cache-miss
1274 silly fetch manifest fast-deep-equal@^3.1.1
1275 silly packumentCache full:https://registry.npmjs.org/fast-deep-equal cache-miss
1276 silly fetch manifest require-from-string@^2.0.2
1277 silly packumentCache full:https://registry.npmjs.org/require-from-string cache-miss
1278 silly fetch manifest json-schema-traverse@^1.0.0
1279 silly packumentCache full:https://registry.npmjs.org/json-schema-traverse cache-miss
1280 silly fetch manifest ts-toolbelt@^6.15.5
1281 silly packumentCache full:https://registry.npmjs.org/ts-toolbelt cache-miss
1282 silly fetch manifest @types/json-schema@^7.0.6
1283 silly packumentCache full:https://registry.npmjs.org/@types%2fjson-schema cache-miss
1284 http fetch GET 200 https://registry.npmjs.org/require-from-string 234ms (cache miss)
1285 silly packumentCache full:https://registry.npmjs.org/require-from-string set size:undefined disposed:false
1286 http fetch GET 200 https://registry.npmjs.org/fast-deep-equal 236ms (cache miss)
1287 silly packumentCache full:https://registry.npmjs.org/fast-deep-equal set size:undefined disposed:false
1288 http fetch GET 200 https://registry.npmjs.org/@types%2fjson-schema 237ms (cache miss)
1289 silly packumentCache full:https://registry.npmjs.org/@types%2fjson-schema set size:undefined disposed:false
1290 http fetch GET 200 https://registry.npmjs.org/json-schema-traverse 239ms (cache miss)
1291 silly packumentCache full:https://registry.npmjs.org/json-schema-traverse set size:undefined disposed:false
1292 http fetch GET 200 https://registry.npmjs.org/uri-js 333ms (cache miss)
1293 silly packumentCache full:https://registry.npmjs.org/uri-js set size:undefined disposed:false
1294 http fetch GET 200 https://registry.npmjs.org/ts-toolbelt 699ms (cache miss)
1295 silly packumentCache full:https://registry.npmjs.org/ts-toolbelt set size:undefined disposed:false
1296 silly placeDep node_modules/vercel fast-deep-equal@3.1.3 OK for: ajv@8.6.3 want: ^3.1.1
1297 silly placeDep node_modules/vercel json-schema-traverse@1.0.0 OK for: ajv@8.6.3 want: ^1.0.0
1298 silly placeDep node_modules/vercel require-from-string@2.0.2 OK for: ajv@8.6.3 want: ^2.0.2
1299 silly placeDep node_modules/vercel uri-js@4.4.1 OK for: ajv@8.6.3 want: ^4.2.2
1300 silly fetch manifest punycode@^2.1.0
1301 silly packumentCache full:https://registry.npmjs.org/punycode cache-miss
1302 http fetch GET 200 https://registry.npmjs.org/punycode 73ms (cache miss)
1303 silly packumentCache full:https://registry.npmjs.org/punycode set size:undefined disposed:false
1304 silly placeDep node_modules/vercel retry@0.13.1 OK for: async-retry@1.3.3 want: 0.13.1
1305 silly placeDep node_modules/vercel file-uri-to-path@1.0.0 OK for: bindings@1.5.0 want: 1.0.0
1306 silly placeDep node_modules/vercel readdirp@4.1.2 OK for: chokidar@4.0.0 want: ^4.0.1
1307 silly placeDep node_modules/vercel/node_modules/debug ms@2.1.2 OK for: debug@4.3.4 want: 2.1.2
1308 silly placeDep node_modules/vercel @edge-runtime/format@2.2.1 OK for: edge-runtime@2.5.9 want: 2.2.1
1309 silly placeDep node_modules/vercel @edge-runtime/ponyfill@2.4.2 OK for: edge-runtime@2.5.9 want: 2.4.2
1310 silly placeDep node_modules/vercel/node_modules/edge-runtime async-listen@3.0.1 OK for: edge-runtime@2.5.9 want: 3.0.1
1311 silly placeDep node_modules/vercel mri@1.2.0 OK for: edge-runtime@2.5.9 want: 1.2.0
1312 silly placeDep node_modules/vercel picocolors@1.0.0 OK for: edge-runtime@2.5.9 want: 1.0.0
1313 silly placeDep node_modules/vercel pretty-ms@7.0.1 OK for: edge-runtime@2.5.9 want: 7.0.1
1314 silly placeDep node_modules/vercel signal-exit@4.0.2 OK for: edge-runtime@2.5.9 want: 4.0.2
1315 silly placeDep node_modules/vercel time-span@4.0.0 OK for: edge-runtime@2.5.9 want: 4.0.0
1316 silly fetch manifest parse-ms@^2.1.0
1317 silly packumentCache full:https://registry.npmjs.org/parse-ms cache-miss
1318 silly fetch manifest convert-hrtime@^3.0.0
1319 silly packumentCache full:https://registry.npmjs.org/convert-hrtime cache-miss
1320 http fetch GET 200 https://registry.npmjs.org/convert-hrtime 78ms (cache miss)
1321 silly packumentCache full:https://registry.npmjs.org/convert-hrtime set size:undefined disposed:false
1322 http fetch GET 200 https://registry.npmjs.org/parse-ms 90ms (cache miss)
1323 silly packumentCache full:https://registry.npmjs.org/parse-ms set size:undefined disposed:false
1324 silly placeDep node_modules/vercel @esbuild/aix-ppc64@0.27.0 OK for: esbuild@0.27.0 want: 0.27.0
1325 silly placeDep node_modules/vercel @esbuild/android-arm@0.27.0 OK for: esbuild@0.27.0 want: 0.27.0
1326 silly placeDep node_modules/vercel @esbuild/android-arm64@0.27.0 OK for: esbuild@0.27.0 want: 0.27.0
1327 silly placeDep node_modules/vercel @esbuild/android-x64@0.27.0 OK for: esbuild@0.27.0 want: 0.27.0
1328 silly placeDep node_modules/vercel @esbuild/darwin-arm64@0.27.0 OK for: esbuild@0.27.0 want: 0.27.0
1329 silly placeDep node_modules/vercel @esbuild/darwin-x64@0.27.0 OK for: esbuild@0.27.0 want: 0.27.0
1330 silly placeDep node_modules/vercel @esbuild/freebsd-arm64@0.27.0 OK for: esbuild@0.27.0 want: 0.27.0
1331 silly placeDep node_modules/vercel @esbuild/freebsd-x64@0.27.0 OK for: esbuild@0.27.0 want: 0.27.0
1332 silly placeDep node_modules/vercel @esbuild/linux-arm@0.27.0 OK for: esbuild@0.27.0 want: 0.27.0
1333 silly placeDep node_modules/vercel @esbuild/linux-arm64@0.27.0 OK for: esbuild@0.27.0 want: 0.27.0
1334 silly placeDep node_modules/vercel @esbuild/linux-ia32@0.27.0 OK for: esbuild@0.27.0 want: 0.27.0
1335 silly placeDep node_modules/vercel @esbuild/linux-loong64@0.27.0 OK for: esbuild@0.27.0 want: 0.27.0
1336 silly placeDep node_modules/vercel @esbuild/linux-mips64el@0.27.0 OK for: esbuild@0.27.0 want: 0.27.0
1337 silly placeDep node_modules/vercel @esbuild/linux-ppc64@0.27.0 OK for: esbuild@0.27.0 want: 0.27.0
1338 silly placeDep node_modules/vercel @esbuild/linux-riscv64@0.27.0 OK for: esbuild@0.27.0 want: 0.27.0
1339 silly placeDep node_modules/vercel @esbuild/linux-s390x@0.27.0 OK for: esbuild@0.27.0 want: 0.27.0
1340 silly placeDep node_modules/vercel @esbuild/linux-x64@0.27.0 OK for: esbuild@0.27.0 want: 0.27.0
1341 silly placeDep node_modules/vercel @esbuild/netbsd-arm64@0.27.0 OK for: esbuild@0.27.0 want: 0.27.0
1342 silly placeDep node_modules/vercel @esbuild/netbsd-x64@0.27.0 OK for: esbuild@0.27.0 want: 0.27.0
1343 silly placeDep node_modules/vercel @esbuild/openbsd-arm64@0.27.0 OK for: esbuild@0.27.0 want: 0.27.0
1344 silly placeDep node_modules/vercel @esbuild/openbsd-x64@0.27.0 OK for: esbuild@0.27.0 want: 0.27.0
1345 silly placeDep node_modules/vercel @esbuild/openharmony-arm64@0.27.0 OK for: esbuild@0.27.0 want: 0.27.0
1346 silly placeDep node_modules/vercel @esbuild/sunos-x64@0.27.0 OK for: esbuild@0.27.0 want: 0.27.0
1347 silly placeDep node_modules/vercel @esbuild/win32-arm64@0.27.0 OK for: esbuild@0.27.0 want: 0.27.0
1348 silly placeDep node_modules/vercel @esbuild/win32-ia32@0.27.0 OK for: esbuild@0.27.0 want: 0.27.0
1349 silly placeDep node_modules/vercel @esbuild/win32-x64@0.27.0 OK for: esbuild@0.27.0 want: 0.27.0
1350 silly placeDep node_modules/vercel cross-spawn@7.0.6 OK for: execa@3.2.0 want: ^7.0.0
1351 silly placeDep node_modules/vercel get-stream@5.2.0 OK for: execa@3.2.0 want: ^5.0.0
1352 silly placeDep node_modules/vercel human-signals@1.1.1 OK for: execa@3.2.0 want: ^1.1.1
1353 silly placeDep node_modules/vercel is-stream@2.0.1 OK for: execa@3.2.0 want: ^2.0.0
1354 silly placeDep node_modules/vercel merge-stream@2.0.0 OK for: execa@3.2.0 want: ^2.0.0
1355 silly placeDep node_modules/vercel npm-run-path@4.0.1 OK for: execa@3.2.0 want: ^4.0.0
1356 silly placeDep node_modules/vercel onetime@5.1.2 OK for: execa@3.2.0 want: ^5.1.0
1357 silly placeDep node_modules/vercel p-finally@2.0.1 OK for: execa@3.2.0 want: ^2.0.0
1358 silly placeDep node_modules/vercel/node_modules/execa signal-exit@3.0.7 OK for: execa@3.2.0 want: ^3.0.2
1359 silly placeDep node_modules/vercel strip-final-newline@2.0.0 OK for: execa@3.2.0 want: ^2.0.0
1360 silly fetch manifest which@^2.0.1
1361 silly packumentCache full:https://registry.npmjs.org/which cache-miss
1362 silly fetch manifest path-key@^3.1.0
1363 silly packumentCache full:https://registry.npmjs.org/path-key cache-miss
1364 silly fetch manifest shebang-command@^2.0.0
1365 silly packumentCache full:https://registry.npmjs.org/shebang-command cache-miss
1366 silly fetch manifest pump@^3.0.0
1367 silly packumentCache full:https://registry.npmjs.org/pump cache-miss
1368 silly fetch manifest path-key@^3.0.0
1369 silly packumentCache full:https://registry.npmjs.org/path-key cache-miss
1370 silly fetch manifest mimic-fn@^2.1.0
1371 silly packumentCache full:https://registry.npmjs.org/mimic-fn cache-miss
1372 http fetch GET 200 https://registry.npmjs.org/path-key 96ms (cache miss)
1373 silly packumentCache full:https://registry.npmjs.org/path-key set size:undefined disposed:false
1374 http fetch GET 200 https://registry.npmjs.org/pump 118ms (cache miss)
1375 silly packumentCache full:https://registry.npmjs.org/pump set size:undefined disposed:false
1376 http fetch GET 200 https://registry.npmjs.org/mimic-fn 131ms (cache miss)
1377 silly packumentCache full:https://registry.npmjs.org/mimic-fn set size:undefined disposed:false
1378 http fetch GET 200 https://registry.npmjs.org/path-key 134ms (cache miss)
1379 silly packumentCache full:https://registry.npmjs.org/path-key set size:undefined disposed:false
1380 http fetch GET 200 https://registry.npmjs.org/which 260ms (cache miss)
1381 silly packumentCache full:https://registry.npmjs.org/which set size:undefined disposed:false
1382 http fetch GET 200 https://registry.npmjs.org/shebang-command 273ms (cache miss)
1383 silly packumentCache full:https://registry.npmjs.org/shebang-command set size:undefined disposed:false
1384 silly placeDep node_modules/vercel path-key@3.1.1 OK for: cross-spawn@7.0.6 want: ^3.1.0
1385 silly placeDep node_modules/vercel shebang-command@2.0.0 OK for: cross-spawn@7.0.6 want: ^2.0.0
1386 silly placeDep node_modules/vercel which@2.0.2 OK for: cross-spawn@7.0.6 want: ^2.0.1
1387 silly fetch manifest shebang-regex@^3.0.0
1388 silly packumentCache full:https://registry.npmjs.org/shebang-regex cache-miss
1389 silly fetch manifest isexe@^2.0.0
1390 silly packumentCache full:https://registry.npmjs.org/isexe cache-miss
1391 http fetch GET 200 https://registry.npmjs.org/shebang-regex 81ms (cache miss)
1392 silly packumentCache full:https://registry.npmjs.org/shebang-regex set size:undefined disposed:false
1393 http fetch GET 200 https://registry.npmjs.org/isexe 96ms (cache miss)
1394 silly packumentCache full:https://registry.npmjs.org/isexe set size:undefined disposed:false
1395 silly placeDep node_modules/vercel jsonfile@6.2.1 OK for: fs-extra@11.1.0 want: ^6.0.1
1396 silly placeDep node_modules/vercel universalify@2.0.1 OK for: fs-extra@11.1.0 want: ^2.0.0
1397 silly placeDep node_modules/vercel pump@3.0.4 OK for: get-stream@5.2.0 want: ^3.0.0
1398 silly fetch manifest end-of-stream@^1.1.0
1399 silly packumentCache full:https://registry.npmjs.org/end-of-stream cache-miss
1400 silly fetch manifest once@^1.3.1
1401 silly packumentCache full:https://registry.npmjs.org/once cache-miss
1402 http cache https://registry.npmjs.org/end-of-stream 11ms (cache hit)
1403 silly packumentCache full:https://registry.npmjs.org/end-of-stream set size:27842 disposed:false
1404 http fetch GET 200 https://registry.npmjs.org/once 67ms (cache miss)
1405 silly packumentCache full:https://registry.npmjs.org/once set size:undefined disposed:false
1406 silly placeDep node_modules/vercel/node_modules/glob minimatch@10.2.6 OK for: glob@13.0.6 want: ^10.2.2
1407 silly placeDep node_modules/vercel minipass@7.1.3 OK for: glob@13.0.6 want: ^7.1.3
1408 silly placeDep node_modules/vercel path-scurry@2.0.2 OK for: glob@13.0.6 want: ^2.0.2
1409 silly fetch manifest brace-expansion@^5.0.8
1410 silly packumentCache full:https://registry.npmjs.org/brace-expansion cache-miss
1411 silly fetch manifest lru-cache@^11.0.0
1412 silly packumentCache full:https://registry.npmjs.org/lru-cache cache-miss
1413 http cache https://registry.npmjs.org/lru-cache 10ms (cache hit)
1414 silly packumentCache full:https://registry.npmjs.org/lru-cache set size:460407 disposed:false
1415 http fetch GET 200 https://registry.npmjs.org/brace-expansion 68ms (cache miss)
1416 silly packumentCache full:https://registry.npmjs.org/brace-expansion set size:undefined disposed:false
1417 silly placeDep node_modules/vercel agent-base@7.1.4 OK for: https-proxy-agent@7.0.6 want: ^7.1.2
1418 silly placeDep node_modules/vercel argparse@2.0.1 OK for: js-yaml@4.1.1 want: ^2.0.1
1419 silly placeDep node_modules/vercel @types/json-schema@7.0.15 OK for: json-schema-to-ts@1.6.4 want: ^7.0.6
1420 silly placeDep node_modules/vercel ts-toolbelt@6.15.5 OK for: json-schema-to-ts@1.6.4 want: ^6.15.5
1421 silly placeDep node_modules/vercel arg@4.1.0 OK for: micro@9.3.5-canary.3 want: 4.1.0
1422 silly placeDep node_modules/vercel content-type@1.0.4 OK for: micro@9.3.5-canary.3 want: 1.0.4
1423 silly placeDep node_modules/vercel raw-body@2.4.1 OK for: micro@9.3.5-canary.3 want: 2.4.1
1424 silly fetch manifest bytes@3.1.0
1425 silly packumentCache full:https://registry.npmjs.org/bytes cache-miss
1426 silly fetch manifest unpipe@1.0.0
1427 silly packumentCache full:https://registry.npmjs.org/unpipe cache-miss
1428 silly fetch manifest iconv-lite@0.4.24
1429 silly packumentCache full:https://registry.npmjs.org/iconv-lite cache-miss
1430 silly fetch manifest http-errors@1.7.3
1431 silly packumentCache full:https://registry.npmjs.org/http-errors cache-miss
1432 http fetch GET 200 https://registry.npmjs.org/unpipe 186ms (cache miss)
1433 silly packumentCache full:https://registry.npmjs.org/unpipe set size:undefined disposed:false
1434 http fetch GET 200 https://registry.npmjs.org/http-errors 187ms (cache miss)
1435 silly packumentCache full:https://registry.npmjs.org/http-errors set size:undefined disposed:false
1436 http fetch GET 200 https://registry.npmjs.org/bytes 221ms (cache miss)
1437 silly packumentCache full:https://registry.npmjs.org/bytes set size:undefined disposed:false
1438 http fetch GET 200 https://registry.npmjs.org/iconv-lite 239ms (cache miss)
1439 silly packumentCache full:https://registry.npmjs.org/iconv-lite set size:undefined disposed:false
1440 silly placeDep node_modules/vercel mime-db@1.52.0 OK for: mime-types@2.1.35 want: 1.52.0
1441 silly placeDep node_modules/vercel @isaacs/brace-expansion@5.0.1 OK for: minimatch@10.1.1 want: ^5.0.0
1442 silly fetch manifest @isaacs/balanced-match@^4.0.1
1443 silly packumentCache full:https://registry.npmjs.org/@isaacs%2fbalanced-match cache-miss
1444 http fetch GET 200 https://registry.npmjs.org/@isaacs%2fbalanced-match 88ms (cache miss)
1445 silly packumentCache full:https://registry.npmjs.org/@isaacs%2fbalanced-match set size:undefined disposed:false
1446 silly placeDep node_modules/vercel @isaacs/balanced-match@4.0.1 OK for: @isaacs/brace-expansion@5.0.1 want: ^4.0.1
1447 silly placeDep node_modules/vercel whatwg-url@5.0.0 OK for: node-fetch@2.6.7 want: ^5.0.0
1448 silly fetch manifest tr46@~0.0.3
1449 silly packumentCache full:https://registry.npmjs.org/tr46 cache-miss
1450 silly fetch manifest webidl-conversions@^3.0.0
1451 silly packumentCache full:https://registry.npmjs.org/webidl-conversions cache-miss
1452 http fetch GET 200 https://registry.npmjs.org/webidl-conversions 84ms (cache miss)
1453 silly packumentCache full:https://registry.npmjs.org/webidl-conversions set size:undefined disposed:false
1454 http fetch GET 200 https://registry.npmjs.org/tr46 106ms (cache miss)
1455 silly packumentCache full:https://registry.npmjs.org/tr46 set size:undefined disposed:false
1456 silly placeDep node_modules/vercel abbrev@3.0.1 OK for: nopt@8.1.0 want: ^3.0.0
1457 silly placeDep node_modules/vercel mimic-fn@2.1.0 OK for: onetime@5.1.2 want: ^2.1.0
1458 silly placeDep node_modules/vercel define-lazy-prop@2.0.0 OK for: open@8.4.0 want: ^2.0.0
1459 silly placeDep node_modules/vercel is-docker@2.2.1 OK for: open@8.4.0 want: ^2.1.1
1460 silly placeDep node_modules/vercel is-wsl@2.2.0 OK for: open@8.4.0 want: ^2.2.0
1461 silly placeDep node_modules/vercel @oxc-transform/binding-android-arm-eabi@0.111.0 OK for: oxc-transform@0.111.0 want: 0.111.0
1462 silly placeDep node_modules/vercel @oxc-transform/binding-android-arm64@0.111.0 OK for: oxc-transform@0.111.0 want: 0.111.0
1463 silly placeDep node_modules/vercel @oxc-transform/binding-darwin-arm64@0.111.0 OK for: oxc-transform@0.111.0 want: 0.111.0
1464 silly placeDep node_modules/vercel @oxc-transform/binding-darwin-x64@0.111.0 OK for: oxc-transform@0.111.0 want: 0.111.0
1465 silly placeDep node_modules/vercel @oxc-transform/binding-freebsd-x64@0.111.0 OK for: oxc-transform@0.111.0 want: 0.111.0
1466 silly placeDep node_modules/vercel @oxc-transform/binding-linux-arm-gnueabihf@0.111.0 OK for: oxc-transform@0.111.0 want: 0.111.0
1467 silly placeDep node_modules/vercel @oxc-transform/binding-linux-arm-musleabihf@0.111.0 OK for: oxc-transform@0.111.0 want: 0.111.0
1468 silly placeDep node_modules/vercel @oxc-transform/binding-linux-arm64-gnu@0.111.0 OK for: oxc-transform@0.111.0 want: 0.111.0
1469 silly placeDep node_modules/vercel @oxc-transform/binding-linux-arm64-musl@0.111.0 OK for: oxc-transform@0.111.0 want: 0.111.0
1470 silly placeDep node_modules/vercel @oxc-transform/binding-linux-ppc64-gnu@0.111.0 OK for: oxc-transform@0.111.0 want: 0.111.0
1471 silly placeDep node_modules/vercel @oxc-transform/binding-linux-riscv64-gnu@0.111.0 OK for: oxc-transform@0.111.0 want: 0.111.0
1472 silly placeDep node_modules/vercel @oxc-transform/binding-linux-riscv64-musl@0.111.0 OK for: oxc-transform@0.111.0 want: 0.111.0
1473 silly placeDep node_modules/vercel @oxc-transform/binding-linux-s390x-gnu@0.111.0 OK for: oxc-transform@0.111.0 want: 0.111.0
1474 silly placeDep node_modules/vercel @oxc-transform/binding-linux-x64-gnu@0.111.0 OK for: oxc-transform@0.111.0 want: 0.111.0
1475 silly placeDep node_modules/vercel @oxc-transform/binding-linux-x64-musl@0.111.0 OK for: oxc-transform@0.111.0 want: 0.111.0
1476 silly placeDep node_modules/vercel @oxc-transform/binding-openharmony-arm64@0.111.0 OK for: oxc-transform@0.111.0 want: 0.111.0
1477 silly placeDep node_modules/vercel @oxc-transform/binding-wasm32-wasi@0.111.0 OK for: oxc-transform@0.111.0 want: 0.111.0
1478 silly placeDep node_modules/vercel @oxc-transform/binding-win32-arm64-msvc@0.111.0 OK for: oxc-transform@0.111.0 want: 0.111.0
1479 silly placeDep node_modules/vercel @oxc-transform/binding-win32-ia32-msvc@0.111.0 OK for: oxc-transform@0.111.0 want: 0.111.0
1480 silly placeDep node_modules/vercel @oxc-transform/binding-win32-x64-msvc@0.111.0 OK for: oxc-transform@0.111.0 want: 0.111.0
1481 silly fetch manifest @napi-rs/wasm-runtime@^1.1.1
1482 silly packumentCache full:https://registry.npmjs.org/@napi-rs%2fwasm-runtime cache-miss
1483 http fetch GET 200 https://registry.npmjs.org/@napi-rs%2fwasm-runtime 82ms (cache miss)
1484 silly packumentCache full:https://registry.npmjs.org/@napi-rs%2fwasm-runtime set size:undefined disposed:false
1485 silly fetch manifest @emnapi/core@^1.7.1 || ^2.0.0-alpha.4
1486 silly packumentCache full:https://registry.npmjs.org/@emnapi%2fcore cache-miss
1487 http fetch GET 200 https://registry.npmjs.org/@emnapi%2fcore 67ms (cache miss)
1488 silly packumentCache full:https://registry.npmjs.org/@emnapi%2fcore set size:undefined disposed:false
1489 silly fetch manifest @emnapi/runtime@^1.7.1 || ^2.0.0-alpha.4
1490 silly packumentCache full:https://registry.npmjs.org/@emnapi%2fruntime cache-miss
1491 http fetch GET 200 https://registry.npmjs.org/@emnapi%2fruntime 86ms (cache miss)
1492 silly packumentCache full:https://registry.npmjs.org/@emnapi%2fruntime set size:undefined disposed:false
1493 silly placeDep node_modules/vercel @napi-rs/wasm-runtime@1.2.3 OK for: @oxc-transform/binding-wasm32-wasi@0.111.0 want: ^1.1.1
1494 silly placeDep node_modules/vercel @emnapi/core@1.11.3 OK for: @napi-rs/wasm-runtime@1.2.3 want: ^1.7.1 || ^2.0.0-alpha.4
1495 silly placeDep node_modules/vercel @emnapi/runtime@1.11.3 OK for: @napi-rs/wasm-runtime@1.2.3 want: ^1.7.1 || ^2.0.0-alpha.4
1496 silly fetch manifest @tybys/wasm-util@^0.10.3
1497 silly packumentCache full:https://registry.npmjs.org/@tybys%2fwasm-util cache-miss
1498 silly fetch manifest tslib@^2.4.0
1499 silly packumentCache full:https://registry.npmjs.org/tslib cache-miss
1500 silly fetch manifest tslib@^2.4.0
1501 silly packumentCache full:https://registry.npmjs.org/tslib cache-miss
1502 silly fetch manifest @emnapi/wasi-threads@1.2.3
1503 silly packumentCache full:https://registry.npmjs.org/@emnapi%2fwasi-threads cache-miss
1504 http fetch GET 200 https://registry.npmjs.org/tslib 128ms (cache miss)
1505 silly packumentCache full:https://registry.npmjs.org/tslib set size:undefined disposed:false
1506 http fetch GET 200 https://registry.npmjs.org/tslib 141ms (cache miss)
1507 silly packumentCache full:https://registry.npmjs.org/tslib set size:undefined disposed:false
1508 http fetch GET 200 https://registry.npmjs.org/@tybys%2fwasm-util 147ms (cache miss)
1509 silly packumentCache full:https://registry.npmjs.org/@tybys%2fwasm-util set size:undefined disposed:false
1510 http fetch GET 200 https://registry.npmjs.org/@emnapi%2fwasi-threads 166ms (cache miss)
1511 silly packumentCache full:https://registry.npmjs.org/@emnapi%2fwasi-threads set size:undefined disposed:false
1512 silly placeDep node_modules/vercel @emnapi/wasi-threads@1.2.3 OK for: @emnapi/core@1.11.3 want: 1.2.3
1513 silly placeDep node_modules/vercel tslib@2.8.1 OK for: @emnapi/core@1.11.3 want: ^2.4.0
1514 silly placeDep node_modules/vercel @tybys/wasm-util@0.10.3 OK for: @napi-rs/wasm-runtime@1.2.3 want: ^0.10.3
1515 silly placeDep node_modules/vercel lru-cache@11.5.2 OK for: path-scurry@2.0.2 want: ^11.0.0
1516 silly placeDep node_modules/vercel parse-ms@2.1.0 OK for: pretty-ms@7.0.1 want: ^2.1.0
1517 silly placeDep node_modules/vercel end-of-stream@1.4.5 OK for: pump@3.0.4 want: ^1.1.0
1518 silly placeDep node_modules/vercel once@1.4.0 OK for: pump@3.0.4 want: ^1.3.1
1519 silly fetch manifest once@^1.4.0
1520 silly packumentCache full:https://registry.npmjs.org/once cache-miss
1521 silly fetch manifest wrappy@1
1522 silly packumentCache full:https://registry.npmjs.org/wrappy cache-miss
1523 http cache https://registry.npmjs.org/once 11ms (cache hit)
1524 silly packumentCache full:https://registry.npmjs.org/once set size:11752 disposed:false
1525 http fetch GET 200 https://registry.npmjs.org/wrappy 65ms (cache miss)
1526 silly packumentCache full:https://registry.npmjs.org/wrappy set size:undefined disposed:false
1527 silly placeDep node_modules/vercel wrappy@1.0.2 OK for: once@1.4.0 want: 1
1528 silly placeDep node_modules/vercel bytes@3.1.0 OK for: raw-body@2.4.1 want: 3.1.0
1529 silly placeDep node_modules/vercel http-errors@1.7.3 OK for: raw-body@2.4.1 want: 1.7.3
1530 silly placeDep node_modules/vercel iconv-lite@0.4.24 OK for: raw-body@2.4.1 want: 0.4.24
1531 silly placeDep node_modules/vercel unpipe@1.0.0 OK for: raw-body@2.4.1 want: 1.0.0
1532 silly fetch manifest depd@~1.1.2
1533 silly packumentCache full:https://registry.npmjs.org/depd cache-miss
1534 silly fetch manifest inherits@2.0.4
1535 silly packumentCache full:https://registry.npmjs.org/inherits cache-miss
1536 silly fetch manifest statuses@>= 1.5.0 < 2
1537 silly packumentCache full:https://registry.npmjs.org/statuses cache-miss
1538 silly fetch manifest toidentifier@1.0.0
1539 silly packumentCache full:https://registry.npmjs.org/toidentifier cache-miss
1540 silly fetch manifest setprototypeof@1.1.1
1541 silly packumentCache full:https://registry.npmjs.org/setprototypeof cache-miss
1542 silly fetch manifest safer-buffer@>= 2.1.2 < 3
1543 silly packumentCache full:https://registry.npmjs.org/safer-buffer cache-miss
1544 http fetch GET 200 https://registry.npmjs.org/inherits 152ms (cache miss)
1545 silly packumentCache full:https://registry.npmjs.org/inherits set size:undefined disposed:false
1546 http fetch GET 200 https://registry.npmjs.org/depd 219ms (cache miss)
1547 silly packumentCache full:https://registry.npmjs.org/depd set size:undefined disposed:false
1548 http fetch GET 200 https://registry.npmjs.org/setprototypeof 219ms (cache miss)
1549 silly packumentCache full:https://registry.npmjs.org/setprototypeof set size:undefined disposed:false
1550 http fetch GET 200 https://registry.npmjs.org/toidentifier 221ms (cache miss)
1551 silly packumentCache full:https://registry.npmjs.org/toidentifier set size:undefined disposed:false
1552 http fetch GET 200 https://registry.npmjs.org/safer-buffer 229ms (cache miss)
1553 silly packumentCache full:https://registry.npmjs.org/safer-buffer set size:undefined disposed:false
1554 http fetch GET 200 https://registry.npmjs.org/statuses 248ms (cache miss)
1555 silly packumentCache full:https://registry.npmjs.org/statuses set size:undefined disposed:false
1556 silly placeDep node_modules/vercel depd@1.1.2 OK for: http-errors@1.7.3 want: ~1.1.2
1557 silly placeDep node_modules/vercel inherits@2.0.4 OK for: http-errors@1.7.3 want: 2.0.4
1558 silly placeDep node_modules/vercel setprototypeof@1.1.1 OK for: http-errors@1.7.3 want: 1.1.1
1559 silly placeDep node_modules/vercel statuses@1.5.0 OK for: http-errors@1.7.3 want: >= 1.5.0 < 2
1560 silly placeDep node_modules/vercel toidentifier@1.0.0 OK for: http-errors@1.7.3 want: 1.0.0
1561 silly placeDep node_modules/vercel safer-buffer@2.1.2 OK for: iconv-lite@0.4.24 want: >= 2.1.2 < 3
1562 silly placeDep node_modules/vercel @oxc-project/types@0.110.0 OK for: rolldown@1.0.0-rc.1 want: =0.110.0
1563 silly placeDep node_modules/vercel @rolldown/binding-android-arm64@1.0.0-rc.1 OK for: rolldown@1.0.0-rc.1 want: 1.0.0-rc.1
1564 silly placeDep node_modules/vercel @rolldown/binding-darwin-arm64@1.0.0-rc.1 OK for: rolldown@1.0.0-rc.1 want: 1.0.0-rc.1
1565 silly placeDep node_modules/vercel @rolldown/binding-darwin-x64@1.0.0-rc.1 OK for: rolldown@1.0.0-rc.1 want: 1.0.0-rc.1
1566 silly placeDep node_modules/vercel @rolldown/binding-freebsd-x64@1.0.0-rc.1 OK for: rolldown@1.0.0-rc.1 want: 1.0.0-rc.1
1567 silly placeDep node_modules/vercel @rolldown/binding-linux-arm-gnueabihf@1.0.0-rc.1 OK for: rolldown@1.0.0-rc.1 want: 1.0.0-rc.1
1568 silly placeDep node_modules/vercel @rolldown/binding-linux-arm64-gnu@1.0.0-rc.1 OK for: rolldown@1.0.0-rc.1 want: 1.0.0-rc.1
1569 silly placeDep node_modules/vercel @rolldown/binding-linux-arm64-musl@1.0.0-rc.1 OK for: rolldown@1.0.0-rc.1 want: 1.0.0-rc.1
1570 silly placeDep node_modules/vercel @rolldown/binding-linux-x64-gnu@1.0.0-rc.1 OK for: rolldown@1.0.0-rc.1 want: 1.0.0-rc.1
1571 silly placeDep node_modules/vercel @rolldown/binding-linux-x64-musl@1.0.0-rc.1 OK for: rolldown@1.0.0-rc.1 want: 1.0.0-rc.1
1572 silly placeDep node_modules/vercel @rolldown/binding-openharmony-arm64@1.0.0-rc.1 OK for: rolldown@1.0.0-rc.1 want: 1.0.0-rc.1
1573 silly placeDep node_modules/vercel @rolldown/binding-wasm32-wasi@1.0.0-rc.1 OK for: rolldown@1.0.0-rc.1 want: 1.0.0-rc.1
1574 silly placeDep node_modules/vercel @rolldown/binding-win32-arm64-msvc@1.0.0-rc.1 OK for: rolldown@1.0.0-rc.1 want: 1.0.0-rc.1
1575 silly placeDep node_modules/vercel @rolldown/binding-win32-x64-msvc@1.0.0-rc.1 OK for: rolldown@1.0.0-rc.1 want: 1.0.0-rc.1
1576 silly placeDep node_modules/vercel @rolldown/pluginutils@1.0.0-rc.1 OK for: rolldown@1.0.0-rc.1 want: 1.0.0-rc.1
1577 silly fetch manifest bufferutil@^4.0.1
1578 silly packumentCache full:https://registry.npmjs.org/bufferutil cache-miss
1579 http fetch GET 200 https://registry.npmjs.org/bufferutil 62ms (cache miss)
1580 silly packumentCache full:https://registry.npmjs.org/bufferutil set size:undefined disposed:false
1581 silly fetch manifest utf-8-validate@>=5.0.2
1582 silly packumentCache full:https://registry.npmjs.org/utf-8-validate cache-miss
1583 http fetch GET 200 https://registry.npmjs.org/utf-8-validate 67ms (cache miss)
1584 silly packumentCache full:https://registry.npmjs.org/utf-8-validate set size:undefined disposed:false
1585 silly placeDep node_modules/vercel @vercel/sandbox@2.4.0 OK for: sandbox@3.4.0 want: 2.4.0
1586 silly placeDep node_modules/vercel/node_modules/sandbox debug@4.4.3 OK for: sandbox@3.4.0 want: ^4.4.1
1587 silly placeDep node_modules/vercel ws@8.21.3 OK for: sandbox@3.4.0 want: ^8.21.0
1588 silly fetch manifest ms@2.1.3
1589 silly packumentCache full:https://registry.npmjs.org/ms cache-hit
1590 silly fetch manifest jose@6.2.3
1591 silly packumentCache full:https://registry.npmjs.org/jose cache-miss
1592 silly fetch manifest undici@^7.27.1
1593 silly packumentCache full:https://registry.npmjs.org/undici cache-miss
1594 silly fetch manifest jsonlines@0.1.1
1595 silly packumentCache full:https://registry.npmjs.org/jsonlines cache-miss
1596 silly fetch manifest picocolors@^1.1.1
1597 silly packumentCache full:https://registry.npmjs.org/picocolors cache-miss
1598 silly fetch manifest tar-stream@3.1.7
1599 silly packumentCache full:https://registry.npmjs.org/tar-stream cache-miss
1600 silly fetch manifest @vercel/oidc@3.2.0
1601 silly packumentCache full:https://registry.npmjs.org/@vercel%2foidc cache-miss
1602 silly fetch manifest @workflow/serde@4.1.0-beta.2
1603 silly packumentCache full:https://registry.npmjs.org/@workflow%2fserde cache-miss
1604 silly fetch manifest ms@^2.1.3
1605 silly packumentCache full:https://registry.npmjs.org/ms cache-hit
1606 http cache https://registry.npmjs.org/picocolors 24ms (cache hit)
1607 silly packumentCache full:https://registry.npmjs.org/picocolors set size:16648 disposed:false
1608 http cache https://registry.npmjs.org/jose 29ms (cache hit)
1609 silly packumentCache full:https://registry.npmjs.org/jose set size:1446624 disposed:false
1610 http cache https://registry.npmjs.org/undici 40ms (cache hit)
1611 silly packumentCache full:https://registry.npmjs.org/undici set size:1531430 disposed:false
1612 http cache https://registry.npmjs.org/@vercel%2foidc 48ms (cache hit)
1613 silly packumentCache full:https://registry.npmjs.org/@vercel%2foidc set size:90895 disposed:false
1614 http fetch GET 200 https://registry.npmjs.org/tar-stream 122ms (cache miss)
1615 silly packumentCache full:https://registry.npmjs.org/tar-stream set size:undefined disposed:false
1616 http fetch GET 200 https://registry.npmjs.org/@workflow%2fserde 122ms (cache miss)
1617 silly packumentCache full:https://registry.npmjs.org/@workflow%2fserde set size:undefined disposed:false
1618 http fetch GET 200 https://registry.npmjs.org/jsonlines 243ms (cache miss)
1619 silly packumentCache full:https://registry.npmjs.org/jsonlines set size:undefined disposed:false
1620 silly placeDep node_modules/vercel/node_modules/@vercel/sandbox @vercel/oidc@3.2.0 OK for: @vercel/sandbox@2.4.0 want: 3.2.0
1621 silly placeDep node_modules/vercel @workflow/serde@4.1.0-beta.2 OK for: @vercel/sandbox@2.4.0 want: 4.1.0-beta.2
1622 silly placeDep node_modules/vercel/node_modules/@vercel/sandbox jose@6.2.3 OK for: @vercel/sandbox@2.4.0 want: 6.2.3
1623 silly placeDep node_modules/vercel jsonlines@0.1.1 OK for: @vercel/sandbox@2.4.0 want: 0.1.1
1624 silly placeDep node_modules/vercel/node_modules/@vercel/sandbox ms@2.1.3 OK for: @vercel/sandbox@2.4.0 want: 2.1.3
1625 silly placeDep node_modules/vercel/node_modules/@vercel/sandbox picocolors@1.1.1 OK for: @vercel/sandbox@2.4.0 want: ^1.1.1
1626 silly placeDep node_modules/vercel tar-stream@3.1.7 OK for: @vercel/sandbox@2.4.0 want: 3.1.7
1627 silly placeDep node_modules/vercel/node_modules/@vercel/sandbox undici@7.29.0 OK for: @vercel/sandbox@2.4.0 want: ^7.27.1
1628 silly placeDep node_modules/vercel/node_modules/@vercel/sandbox xdg-app-paths@5.1.0 OK for: @vercel/sandbox@2.4.0 want: 5.1.0
1629 silly fetch manifest b4a@^1.6.4
1630 silly packumentCache full:https://registry.npmjs.org/b4a cache-miss
1631 silly fetch manifest streamx@^2.15.0
1632 silly packumentCache full:https://registry.npmjs.org/streamx cache-miss
1633 silly fetch manifest fast-fifo@^1.2.0
1634 silly packumentCache full:https://registry.npmjs.org/fast-fifo cache-miss
1635 http fetch GET 200 https://registry.npmjs.org/fast-fifo 82ms (cache miss)
1636 silly packumentCache full:https://registry.npmjs.org/fast-fifo set size:undefined disposed:false
1637 http fetch GET 200 https://registry.npmjs.org/b4a 106ms (cache miss)
1638 silly packumentCache full:https://registry.npmjs.org/b4a set size:undefined disposed:false
1639 http fetch GET 200 https://registry.npmjs.org/streamx 108ms (cache miss)
1640 silly packumentCache full:https://registry.npmjs.org/streamx set size:undefined disposed:false
1641 silly placeDep node_modules/vercel/node_modules/semver lru-cache@6.0.0 OK for: semver@7.5.4 want: ^6.0.0
1642 silly fetch manifest yallist@^4.0.0
1643 silly packumentCache full:https://registry.npmjs.org/yallist cache-miss
1644 http cache https://registry.npmjs.org/yallist 13ms (cache hit)
1645 silly packumentCache full:https://registry.npmjs.org/yallist set size:34610 disposed:false
1646 silly placeDep node_modules/vercel shebang-regex@3.0.0 OK for: shebang-command@2.0.0 want: ^3.0.0
1647 silly placeDep node_modules/vercel any-promise@1.3.0 OK for: stream-to-promise@2.2.0 want: ~1.3.0
1648 silly placeDep node_modules/vercel/node_modules/stream-to-promise end-of-stream@1.1.0 OK for: stream-to-promise@2.2.0 want: ~1.1.0
1649 silly placeDep node_modules/vercel stream-to-array@2.3.0 OK for: stream-to-promise@2.2.0 want: ~2.3.0
1650 silly fetch manifest once@~1.3.0
1651 silly packumentCache full:https://registry.npmjs.org/once cache-hit
1652 silly placeDep node_modules/vercel @isaacs/fs-minipass@4.0.1 OK for: tar@7.5.7 want: ^4.0.0
1653 silly placeDep node_modules/vercel chownr@3.0.0 OK for: tar@7.5.7 want: ^3.0.0
1654 silly placeDep node_modules/vercel minizlib@3.1.0 OK for: tar@7.5.7 want: ^3.1.0
1655 silly placeDep node_modules/vercel yallist@5.0.0 OK for: tar@7.5.7 want: ^5.0.0
1656 silly fetch manifest react-native-b4a@*
1657 silly packumentCache full:https://registry.npmjs.org/react-native-b4a cache-miss
1658 http fetch GET 200 https://registry.npmjs.org/react-native-b4a 58ms (cache miss)
1659 silly packumentCache full:https://registry.npmjs.org/react-native-b4a set size:undefined disposed:false
1660 silly fetch manifest react@*
1661 silly packumentCache full:https://registry.npmjs.org/react cache-miss
1662 http fetch GET 200 https://registry.npmjs.org/react 312ms (cache miss)
1663 silly packumentCache full:https://registry.npmjs.org/react set size:undefined disposed:false
1664 silly fetch manifest react-native@*
1665 silly packumentCache full:https://registry.npmjs.org/react-native cache-miss
1666 http fetch GET 200 https://registry.npmjs.org/react-native 589ms (cache miss)
1667 silly packumentCache full:https://registry.npmjs.org/react-native set size:undefined disposed:false
1668 silly fetch manifest @types/react@^19.1.1
1669 silly packumentCache full:https://registry.npmjs.org/@types%2freact cache-miss
1670 http fetch GET 200 https://registry.npmjs.org/@types%2freact 252ms (cache miss)
1671 silly packumentCache full:https://registry.npmjs.org/@types%2freact set size:undefined disposed:false
1672 silly placeDep node_modules/vercel b4a@1.8.1 OK for: tar-stream@3.1.7 want: ^1.6.4
1673 silly placeDep node_modules/vercel fast-fifo@1.3.2 OK for: tar-stream@3.1.7 want: ^1.2.0
1674 silly placeDep node_modules/vercel streamx@2.28.0 OK for: tar-stream@3.1.7 want: ^2.15.0
1675 silly fetch manifest events-universal@^1.0.0
1676 silly packumentCache full:https://registry.npmjs.org/events-universal cache-miss
1677 silly fetch manifest text-decoder@^1.1.0
1678 silly packumentCache full:https://registry.npmjs.org/text-decoder cache-miss
1679 http fetch GET 200 https://registry.npmjs.org/events-universal 104ms (cache miss)
1680 silly packumentCache full:https://registry.npmjs.org/events-universal set size:undefined disposed:false
1681 http fetch GET 200 https://registry.npmjs.org/text-decoder 104ms (cache miss)
1682 silly packumentCache full:https://registry.npmjs.org/text-decoder set size:undefined disposed:false
1683 silly placeDep node_modules/vercel events-universal@1.0.1 OK for: streamx@2.28.0 want: ^1.0.0
1684 silly placeDep node_modules/vercel text-decoder@1.2.7 OK for: streamx@2.28.0 want: ^1.1.0
1685 silly fetch manifest bare-events@^2.7.0
1686 silly packumentCache full:https://registry.npmjs.org/bare-events cache-miss
1687 http fetch GET 200 https://registry.npmjs.org/bare-events 112ms (cache miss)
1688 silly packumentCache full:https://registry.npmjs.org/bare-events set size:undefined disposed:false
1689 silly fetch manifest bare-abort-controller@*
1690 silly packumentCache full:https://registry.npmjs.org/bare-abort-controller cache-miss
1691 http fetch GET 200 https://registry.npmjs.org/bare-abort-controller 69ms (cache miss)
1692 silly packumentCache full:https://registry.npmjs.org/bare-abort-controller set size:undefined disposed:false
1693 silly placeDep node_modules/vercel bare-events@2.9.1 OK for: events-universal@1.0.1 want: ^2.7.0
1694 silly placeDep node_modules/vercel convert-hrtime@3.0.0 OK for: time-span@4.0.0 want: ^3.0.0
1695 silly placeDep node_modules/vercel @ts-morph/common@0.11.1 OK for: ts-morph@12.0.0 want: ~0.11.0
1696 silly placeDep node_modules/vercel code-block-writer@10.1.1 OK for: ts-morph@12.0.0 want: ^10.1.1
1697 silly fetch manifest mkdirp@^1.0.4
1698 silly packumentCache full:https://registry.npmjs.org/mkdirp cache-miss
1699 silly fetch manifest fast-glob@^3.2.7
1700 silly packumentCache full:https://registry.npmjs.org/fast-glob cache-miss
1701 silly fetch manifest minimatch@^3.0.4
1702 silly packumentCache full:https://registry.npmjs.org/minimatch cache-hit
1703 silly fetch manifest path-browserify@^1.0.1
1704 silly packumentCache full:https://registry.npmjs.org/path-browserify cache-miss
1705 http fetch GET 200 https://registry.npmjs.org/mkdirp 131ms (cache miss)
1706 silly packumentCache full:https://registry.npmjs.org/mkdirp set size:undefined disposed:false
1707 http fetch GET 200 https://registry.npmjs.org/path-browserify 140ms (cache miss)
1708 silly packumentCache full:https://registry.npmjs.org/path-browserify set size:undefined disposed:false
1709 http fetch GET 200 https://registry.npmjs.org/fast-glob 141ms (cache miss)
1710 silly packumentCache full:https://registry.npmjs.org/fast-glob set size:undefined disposed:false
1711 silly placeDep node_modules/vercel fast-glob@3.3.3 OK for: @ts-morph/common@0.11.1 want: ^3.2.7
1712 silly placeDep node_modules/vercel/node_modules/@ts-morph/common minimatch@3.1.5 OK for: @ts-morph/common@0.11.1 want: ^3.0.4
1713 silly placeDep node_modules/vercel mkdirp@1.0.4 OK for: @ts-morph/common@0.11.1 want: ^1.0.4
1714 silly placeDep node_modules/vercel path-browserify@1.0.1 OK for: @ts-morph/common@0.11.1 want: ^1.0.1
1715 silly fetch manifest @nodelib/fs.stat@^2.0.2
1716 silly packumentCache full:https://registry.npmjs.org/@nodelib%2ffs.stat cache-miss
1717 silly fetch manifest @nodelib/fs.walk@^1.2.3
1718 silly packumentCache full:https://registry.npmjs.org/@nodelib%2ffs.walk cache-miss
1719 silly fetch manifest glob-parent@^5.1.2
1720 silly packumentCache full:https://registry.npmjs.org/glob-parent cache-miss
1721 silly fetch manifest merge2@^1.3.0
1722 silly packumentCache full:https://registry.npmjs.org/merge2 cache-miss
1723 silly fetch manifest micromatch@^4.0.8
1724 silly packumentCache full:https://registry.npmjs.org/micromatch cache-miss
1725 silly fetch manifest brace-expansion@^1.1.7
1726 silly packumentCache full:https://registry.npmjs.org/brace-expansion cache-miss
1727 http cache https://registry.npmjs.org/brace-expansion 13ms (cache hit)
1728 silly packumentCache full:https://registry.npmjs.org/brace-expansion set size:101024 disposed:false
1729 http fetch GET 200 https://registry.npmjs.org/merge2 161ms (cache miss)
1730 silly packumentCache full:https://registry.npmjs.org/merge2 set size:undefined disposed:false
1731 http fetch GET 200 https://registry.npmjs.org/glob-parent 178ms (cache miss)
1732 silly packumentCache full:https://registry.npmjs.org/glob-parent set size:undefined disposed:false
1733 http fetch GET 200 https://registry.npmjs.org/@nodelib%2ffs.stat 192ms (cache miss)
1734 silly packumentCache full:https://registry.npmjs.org/@nodelib%2ffs.stat set size:undefined disposed:false
1735 http fetch GET 200 https://registry.npmjs.org/@nodelib%2ffs.walk 212ms (cache miss)
1736 silly packumentCache full:https://registry.npmjs.org/@nodelib%2ffs.walk set size:undefined disposed:false
1737 http fetch GET 200 https://registry.npmjs.org/micromatch 236ms (cache miss)
1738 silly packumentCache full:https://registry.npmjs.org/micromatch set size:undefined disposed:false
1739 silly placeDep node_modules/vercel @nodelib/fs.stat@2.0.5 OK for: fast-glob@3.3.3 want: ^2.0.2
1740 silly placeDep node_modules/vercel @nodelib/fs.walk@1.2.8 OK for: fast-glob@3.3.3 want: ^1.2.3
1741 silly placeDep node_modules/vercel glob-parent@5.1.2 OK for: fast-glob@3.3.3 want: ^5.1.2
1742 silly placeDep node_modules/vercel merge2@1.4.1 OK for: fast-glob@3.3.3 want: ^1.3.0
1743 silly placeDep node_modules/vercel micromatch@4.0.8 OK for: fast-glob@3.3.3 want: ^4.0.8
1744 silly fetch manifest fastq@^1.6.0
1745 silly packumentCache full:https://registry.npmjs.org/fastq cache-miss
1746 silly fetch manifest @nodelib/fs.scandir@2.1.5
1747 silly packumentCache full:https://registry.npmjs.org/@nodelib%2ffs.scandir cache-miss
1748 silly fetch manifest is-glob@^4.0.1
1749 silly packumentCache full:https://registry.npmjs.org/is-glob cache-miss
1750 silly fetch manifest braces@^3.0.3
1751 silly packumentCache full:https://registry.npmjs.org/braces cache-miss
1752 silly fetch manifest picomatch@^2.3.1
1753 silly packumentCache full:https://registry.npmjs.org/picomatch cache-miss
1754 http cache https://registry.npmjs.org/picomatch 24ms (cache hit)
1755 silly packumentCache full:https://registry.npmjs.org/picomatch set size:128942 disposed:false
1756 http fetch GET 200 https://registry.npmjs.org/is-glob 207ms (cache miss)
1757 silly packumentCache full:https://registry.npmjs.org/is-glob set size:undefined disposed:false
1758 http fetch GET 200 https://registry.npmjs.org/fastq 227ms (cache miss)
1759 silly packumentCache full:https://registry.npmjs.org/fastq set size:undefined disposed:false
1760 http fetch GET 200 https://registry.npmjs.org/braces 237ms (cache miss)
1761 silly packumentCache full:https://registry.npmjs.org/braces set size:undefined disposed:false
1762 http fetch GET 200 https://registry.npmjs.org/@nodelib%2ffs.scandir 244ms (cache miss)
1763 silly packumentCache full:https://registry.npmjs.org/@nodelib%2ffs.scandir set size:undefined disposed:false
1764 silly placeDep node_modules/vercel @nodelib/fs.scandir@2.1.5 OK for: @nodelib/fs.walk@1.2.8 want: 2.1.5
1765 silly placeDep node_modules/vercel fastq@1.20.1 OK for: @nodelib/fs.walk@1.2.8 want: ^1.6.0
1766 silly fetch manifest run-parallel@^1.1.9
1767 silly packumentCache full:https://registry.npmjs.org/run-parallel cache-miss
1768 silly fetch manifest reusify@^1.0.4
1769 silly packumentCache full:https://registry.npmjs.org/reusify cache-miss
1770 http fetch GET 200 https://registry.npmjs.org/reusify 96ms (cache miss)
1771 silly packumentCache full:https://registry.npmjs.org/reusify set size:undefined disposed:false
1772 http fetch GET 200 https://registry.npmjs.org/run-parallel 117ms (cache miss)
1773 silly packumentCache full:https://registry.npmjs.org/run-parallel set size:undefined disposed:false
1774 silly placeDep node_modules/vercel run-parallel@1.2.0 OK for: @nodelib/fs.scandir@2.1.5 want: ^1.1.9
1775 silly fetch manifest queue-microtask@^1.2.2
1776 silly packumentCache full:https://registry.npmjs.org/queue-microtask cache-miss
1777 http fetch GET 200 https://registry.npmjs.org/queue-microtask 73ms (cache miss)
1778 silly packumentCache full:https://registry.npmjs.org/queue-microtask set size:undefined disposed:false
1779 silly placeDep node_modules/vercel reusify@1.1.0 OK for: fastq@1.20.1 want: ^1.0.4
1780 silly placeDep node_modules/vercel is-glob@4.0.3 OK for: glob-parent@5.1.2 want: ^4.0.1
1781 silly fetch manifest is-extglob@^2.1.1
1782 silly packumentCache full:https://registry.npmjs.org/is-extglob cache-miss
1783 http fetch GET 200 https://registry.npmjs.org/is-extglob 65ms (cache miss)
1784 silly packumentCache full:https://registry.npmjs.org/is-extglob set size:undefined disposed:false
1785 silly placeDep node_modules/vercel is-extglob@2.1.1 OK for: is-glob@4.0.3 want: ^2.1.1
1786 silly placeDep node_modules/vercel braces@3.0.3 OK for: micromatch@4.0.8 want: ^3.0.3
1787 silly placeDep node_modules/vercel/node_modules/micromatch picomatch@2.3.2 OK for: micromatch@4.0.8 want: ^2.3.1
1788 silly fetch manifest fill-range@^7.1.1
1789 silly packumentCache full:https://registry.npmjs.org/fill-range cache-miss
1790 http fetch GET 200 https://registry.npmjs.org/fill-range 102ms (cache miss)
1791 silly packumentCache full:https://registry.npmjs.org/fill-range set size:undefined disposed:false
1792 silly placeDep node_modules/vercel fill-range@7.1.1 OK for: braces@3.0.3 want: ^7.1.1
1793 silly fetch manifest to-regex-range@^5.0.1
1794 silly packumentCache full:https://registry.npmjs.org/to-regex-range cache-miss
1795 http fetch GET 200 https://registry.npmjs.org/to-regex-range 90ms (cache miss)
1796 silly packumentCache full:https://registry.npmjs.org/to-regex-range set size:undefined disposed:false
1797 silly placeDep node_modules/vercel to-regex-range@5.0.1 OK for: fill-range@7.1.1 want: ^5.0.1
1798 silly fetch manifest is-number@^7.0.0
1799 silly packumentCache full:https://registry.npmjs.org/is-number cache-miss
1800 http fetch GET 200 https://registry.npmjs.org/is-number 56ms (cache miss)
1801 silly packumentCache full:https://registry.npmjs.org/is-number set size:undefined disposed:false
1802 silly placeDep node_modules/vercel queue-microtask@1.2.3 OK for: run-parallel@1.2.0 want: ^1.2.2
1803 silly placeDep node_modules/vercel is-number@7.0.0 OK for: to-regex-range@5.0.1 want: ^7.0.0
1804 silly placeDep node_modules/vercel fsevents@2.3.3 OK for: tsx@4.21.0 want: ~2.3.3
1805 silly placeDep node_modules/vercel get-tsconfig@4.14.3 OK for: tsx@4.21.0 want: ^4.7.5
1806 silly fetch manifest resolve-pkg-maps@^1.0.0
1807 silly packumentCache full:https://registry.npmjs.org/resolve-pkg-maps cache-miss
1808 http fetch GET 200 https://registry.npmjs.org/resolve-pkg-maps 68ms (cache miss)
1809 silly packumentCache full:https://registry.npmjs.org/resolve-pkg-maps set size:undefined disposed:false
1810 silly placeDep node_modules/vercel resolve-pkg-maps@1.0.0 OK for: get-tsconfig@4.14.3 want: ^1.0.0
1811 silly placeDep node_modules/vercel @fastify/busboy@2.1.1 OK for: undici@5.29.0 want: ^2.0.0
1812 silly placeDep node_modules/vercel punycode@2.3.1 OK for: uri-js@4.4.1 want: ^2.1.0
1813 silly placeDep node_modules/vercel tr46@0.0.3 OK for: whatwg-url@5.0.0 want: ~0.0.3
1814 silly placeDep node_modules/vercel webidl-conversions@3.0.1 OK for: whatwg-url@5.0.0 want: ^3.0.0
1815 silly placeDep node_modules/vercel isexe@2.0.0 OK for: which@2.0.2 want: ^2.0.0
1816 silly placeDep node_modules/vercel os-paths@4.4.0 OK for: xdg-app-paths@5.5.1 want: ^4.0.1
1817 silly placeDep node_modules/vercel xdg-portable@7.3.0 OK for: xdg-app-paths@5.5.1 want: ^7.2.0
1818 silly placeDep node_modules/vercel yauzl@2.10.0 OK for: yauzl-promise@2.1.3 want: ^2.9.1
1819 silly placeDep node_modules/vercel yauzl-clone@1.0.4 OK for: yauzl-promise@2.1.3 want: ^1.0.4
1820 silly fetch manifest fd-slicer@~1.1.0
1821 silly packumentCache full:https://registry.npmjs.org/fd-slicer cache-miss
1822 silly fetch manifest buffer-crc32@~0.2.3
1823 silly packumentCache full:https://registry.npmjs.org/buffer-crc32 cache-miss
1824 silly fetch manifest events-intercept@^2.0.0
1825 silly packumentCache full:https://registry.npmjs.org/events-intercept cache-miss
1826 http fetch GET 200 https://registry.npmjs.org/fd-slicer 98ms (cache miss)
1827 silly packumentCache full:https://registry.npmjs.org/fd-slicer set size:undefined disposed:false
1828 http fetch GET 200 https://registry.npmjs.org/buffer-crc32 105ms (cache miss)
1829 silly packumentCache full:https://registry.npmjs.org/buffer-crc32 set size:undefined disposed:false
1830 http fetch GET 200 https://registry.npmjs.org/events-intercept 121ms (cache miss)
1831 silly packumentCache full:https://registry.npmjs.org/events-intercept set size:undefined disposed:false
1832 silly placeDep node_modules/vercel buffer-crc32@0.2.13 OK for: yauzl@2.10.0 want: ~0.2.3
1833 silly placeDep node_modules/vercel fd-slicer@1.1.0 OK for: yauzl@2.10.0 want: ~1.1.0
1834 silly fetch manifest pend@~1.2.0
1835 silly packumentCache full:https://registry.npmjs.org/pend cache-miss
1836 http fetch GET 200 https://registry.npmjs.org/pend 64ms (cache miss)
1837 silly packumentCache full:https://registry.npmjs.org/pend set size:undefined disposed:false
1838 silly placeDep node_modules/vercel pend@1.2.0 OK for: fd-slicer@1.1.0 want: ~1.2.0
1839 silly placeDep node_modules/vercel events-intercept@2.0.0 OK for: yauzl-clone@1.0.4 want: ^2.0.0
1840 silly placeDep node_modules/vercel brace-expansion@1.1.18 OK for: minimatch@3.1.5 want: ^1.1.7
1841 silly fetch manifest concat-map@0.0.1
1842 silly packumentCache full:https://registry.npmjs.org/concat-map cache-miss
1843 silly fetch manifest balanced-match@^1.0.0
1844 silly packumentCache full:https://registry.npmjs.org/balanced-match cache-miss
1845 http fetch GET 200 https://registry.npmjs.org/balanced-match 82ms (cache miss)
1846 silly packumentCache full:https://registry.npmjs.org/balanced-match set size:undefined disposed:false
1847 http fetch GET 200 https://registry.npmjs.org/concat-map 101ms (cache miss)
1848 silly packumentCache full:https://registry.npmjs.org/concat-map set size:undefined disposed:false
1849 silly placeDep node_modules/vercel balanced-match@1.0.2 OK for: brace-expansion@1.1.18 want: ^1.0.0
1850 silly placeDep node_modules/vercel concat-map@0.0.1 OK for: brace-expansion@1.1.18 want: 0.0.1
1851 silly placeDep node_modules/vercel/node_modules/@vercel/cli-exec get-stream@6.0.1 OK for: execa@5.1.1 want: ^6.0.0
1852 silly placeDep node_modules/vercel/node_modules/@vercel/cli-exec human-signals@2.1.0 OK for: execa@5.1.1 want: ^2.1.0
1853 silly placeDep node_modules/vercel/node_modules/@vercel/cli-exec signal-exit@3.0.7 OK for: execa@5.1.1 want: ^3.0.3
1854 silly placeDep node_modules/vercel/node_modules/@vercel/rust get-stream@6.0.1 OK for: execa@5.1.1 want: ^6.0.0
1855 silly placeDep node_modules/vercel/node_modules/@vercel/rust human-signals@2.1.0 OK for: execa@5.1.1 want: ^2.1.0
1856 silly placeDep node_modules/vercel/node_modules/@vercel/rust signal-exit@3.0.7 OK for: execa@5.1.1 want: ^3.0.3
1857 silly placeDep node_modules/vercel/node_modules/glob brace-expansion@5.0.9 OK for: minimatch@10.2.6 want: ^5.0.8
1858 silly fetch manifest balanced-match@^4.0.2
1859 silly packumentCache full:https://registry.npmjs.org/balanced-match cache-miss
1860 http cache https://registry.npmjs.org/balanced-match 8ms (cache hit)
1861 silly packumentCache full:https://registry.npmjs.org/balanced-match set size:39082 disposed:false
1862 silly placeDep node_modules/vercel/node_modules/glob balanced-match@4.0.4 OK for: brace-expansion@5.0.9 want: ^4.0.2
1863 silly placeDep node_modules/vercel/node_modules/sandbox ms@2.1.3 OK for: debug@4.4.3 want: ^2.1.3
1864 silly placeDep node_modules/vercel/node_modules/semver yallist@4.0.0 OK for: lru-cache@6.0.0 want: ^4.0.0
1865 silly placeDep node_modules/vercel/node_modules/stream-to-promise once@1.3.3 OK for: end-of-stream@1.1.0 want: ~1.3.0
1866 silly reify moves {}
1867 http cache vercel@https://registry.npmjs.org/vercel/-/vercel-59.1.4.tgz 0ms (cache hit)
1868 http cache balanced-match@https://registry.npmjs.org/balanced-match/-/balanced-match-1.0.2.tgz 0ms (cache hit)
1869 http cache concat-map@https://registry.npmjs.org/concat-map/-/concat-map-0.0.1.tgz 0ms (cache hit)
1870 http cache brace-expansion@https://registry.npmjs.org/brace-expansion/-/brace-expansion-1.1.18.tgz 0ms (cache hit)
1871 http cache events-intercept@https://registry.npmjs.org/events-intercept/-/events-intercept-2.0.0.tgz 0ms (cache hit)
1872 http cache yauzl-clone@https://registry.npmjs.org/yauzl-clone/-/yauzl-clone-1.0.4.tgz 0ms (cache hit)
1873 http cache buffer-crc32@https://registry.npmjs.org/buffer-crc32/-/buffer-crc32-0.2.13.tgz 0ms (cache hit)
1874 http cache fd-slicer@https://registry.npmjs.org/fd-slicer/-/fd-slicer-1.1.0.tgz 0ms (cache hit)
1875 http cache pend@https://registry.npmjs.org/pend/-/pend-1.2.0.tgz 0ms (cache hit)
1876 http cache xdg-portable@https://registry.npmjs.org/xdg-portable/-/xdg-portable-7.3.0.tgz 0ms (cache hit)
1877 http cache os-paths@https://registry.npmjs.org/os-paths/-/os-paths-4.4.0.tgz 0ms (cache hit)
1878 http cache isexe@https://registry.npmjs.org/isexe/-/isexe-2.0.0.tgz 0ms (cache hit)
1879 http cache @fastify/busboy@https://registry.npmjs.org/@fastify/busboy/-/busboy-2.1.1.tgz 0ms (cache hit)
1880 http cache punycode@https://registry.npmjs.org/punycode/-/punycode-2.3.1.tgz 0ms (cache hit)
1881 http cache tr46@https://registry.npmjs.org/tr46/-/tr46-0.0.3.tgz 0ms (cache hit)
1882 http cache webidl-conversions@https://registry.npmjs.org/webidl-conversions/-/webidl-conversions-3.0.1.tgz 0ms (cache hit)
1883 http cache is-number@https://registry.npmjs.org/is-number/-/is-number-7.0.0.tgz 0ms (cache hit)
1884 http cache yauzl@https://registry.npmjs.org/yauzl/-/yauzl-2.10.0.tgz 0ms (cache hit)
1885 http cache queue-microtask@https://registry.npmjs.org/queue-microtask/-/queue-microtask-1.2.3.tgz 0ms (cache hit)
1886 http cache braces@https://registry.npmjs.org/braces/-/braces-3.0.3.tgz 0ms (cache hit)
1887 http cache get-tsconfig@https://registry.npmjs.org/get-tsconfig/-/get-tsconfig-4.14.3.tgz 0ms (cache hit)
1888 http cache is-extglob@https://registry.npmjs.org/is-extglob/-/is-extglob-2.1.1.tgz 0ms (cache hit)
1889 http cache fill-range@https://registry.npmjs.org/fill-range/-/fill-range-7.1.1.tgz 0ms (cache hit)
1890 http cache to-regex-range@https://registry.npmjs.org/to-regex-range/-/to-regex-range-5.0.1.tgz 0ms (cache hit)
1891 http cache is-glob@https://registry.npmjs.org/is-glob/-/is-glob-4.0.3.tgz 0ms (cache hit)
1892 http cache resolve-pkg-maps@https://registry.npmjs.org/resolve-pkg-maps/-/resolve-pkg-maps-1.0.0.tgz 0ms (cache hit)
1893 http cache reusify@https://registry.npmjs.org/reusify/-/reusify-1.1.0.tgz 0ms (cache hit)
1894 http cache run-parallel@https://registry.npmjs.org/run-parallel/-/run-parallel-1.2.0.tgz 0ms (cache hit)
1895 http cache fastq@https://registry.npmjs.org/fastq/-/fastq-1.20.1.tgz 0ms (cache hit)
1896 http cache merge2@https://registry.npmjs.org/merge2/-/merge2-1.4.1.tgz 0ms (cache hit)
1897 http cache micromatch@https://registry.npmjs.org/micromatch/-/micromatch-4.0.8.tgz 0ms (cache hit)
1898 http cache @nodelib/fs.scandir@https://registry.npmjs.org/@nodelib/fs.scandir/-/fs.scandir-2.1.5.tgz 0ms (cache hit)
1899 http cache glob-parent@https://registry.npmjs.org/glob-parent/-/glob-parent-5.1.2.tgz 0ms (cache hit)
1900 http cache @nodelib/fs.walk@https://registry.npmjs.org/@nodelib/fs.walk/-/fs.walk-1.2.8.tgz 0ms (cache hit)
1901 http cache @nodelib/fs.stat@https://registry.npmjs.org/@nodelib/fs.stat/-/fs.stat-2.0.5.tgz 0ms (cache hit)
1902 http cache picomatch@https://registry.npmjs.org/picomatch/-/picomatch-2.3.2.tgz 0ms (cache hit)
1903 http cache mkdirp@https://registry.npmjs.org/mkdirp/-/mkdirp-1.0.4.tgz 0ms (cache hit)
1904 http cache path-browserify@https://registry.npmjs.org/path-browserify/-/path-browserify-1.0.1.tgz 0ms (cache hit)
1905 http cache fast-glob@https://registry.npmjs.org/fast-glob/-/fast-glob-3.3.3.tgz 0ms (cache hit)
1906 http cache code-block-writer@https://registry.npmjs.org/code-block-writer/-/code-block-writer-10.1.1.tgz 0ms (cache hit)
1907 http cache convert-hrtime@https://registry.npmjs.org/convert-hrtime/-/convert-hrtime-3.0.0.tgz 0ms (cache hit)
1908 http cache text-decoder@https://registry.npmjs.org/text-decoder/-/text-decoder-1.2.7.tgz 0ms (cache hit)
1909 http cache bare-events@https://registry.npmjs.org/bare-events/-/bare-events-2.9.1.tgz 0ms (cache hit)
1910 http cache @ts-morph/common@https://registry.npmjs.org/@ts-morph/common/-/common-0.11.1.tgz 0ms (cache hit)
1911 http cache events-universal@https://registry.npmjs.org/events-universal/-/events-universal-1.0.1.tgz 0ms (cache hit)
1912 http cache minimatch@https://registry.npmjs.org/minimatch/-/minimatch-3.1.5.tgz 0ms (cache hit)
1913 http cache streamx@https://registry.npmjs.org/streamx/-/streamx-2.28.0.tgz 0ms (cache hit)
1914 http cache b4a@https://registry.npmjs.org/b4a/-/b4a-1.8.1.tgz 0ms (cache hit)
1915 http cache fast-fifo@https://registry.npmjs.org/fast-fifo/-/fast-fifo-1.3.2.tgz 0ms (cache hit)
1916 http cache @isaacs/fs-minipass@https://registry.npmjs.org/@isaacs/fs-minipass/-/fs-minipass-4.0.1.tgz 0ms (cache hit)
1917 http cache yallist@https://registry.npmjs.org/yallist/-/yallist-5.0.0.tgz 0ms (cache hit)
1918 http cache stream-to-array@https://registry.npmjs.org/stream-to-array/-/stream-to-array-2.3.0.tgz 0ms (cache hit)
1919 http cache chownr@https://registry.npmjs.org/chownr/-/chownr-3.0.0.tgz 0ms (cache hit)
1920 http cache minizlib@https://registry.npmjs.org/minizlib/-/minizlib-3.1.0.tgz 0ms (cache hit)
1921 http cache @vercel/sandbox@https://registry.npmjs.org/@vercel/sandbox/-/sandbox-2.4.0.tgz 0ms (cache hit)
1922 http cache any-promise@https://registry.npmjs.org/any-promise/-/any-promise-1.3.0.tgz 0ms (cache hit)
1923 http cache shebang-regex@https://registry.npmjs.org/shebang-regex/-/shebang-regex-3.0.0.tgz 0ms (cache hit)
1924 http cache tar-stream@https://registry.npmjs.org/tar-stream/-/tar-stream-3.1.7.tgz 0ms (cache hit)
1925 http cache @workflow/serde@https://registry.npmjs.org/@workflow/serde/-/serde-4.1.0-beta.2.tgz 0ms (cache hit)
1926 http cache jsonlines@https://registry.npmjs.org/jsonlines/-/jsonlines-0.1.1.tgz 0ms (cache hit)
1927 http cache undici@https://registry.npmjs.org/undici/-/undici-7.29.0.tgz 0ms (cache hit)
1928 http cache ws@https://registry.npmjs.org/ws/-/ws-8.21.3.tgz 0ms (cache hit)
1929 http cache @oxc-project/types@https://registry.npmjs.org/@oxc-project/types/-/types-0.110.0.tgz 0ms (cache hit)
1930 http cache picocolors@https://registry.npmjs.org/picocolors/-/picocolors-1.1.1.tgz 0ms (cache hit)
1931 http cache xdg-app-paths@https://registry.npmjs.org/xdg-app-paths/-/xdg-app-paths-5.1.0.tgz 0ms (cache hit)
1932 http cache ms@https://registry.npmjs.org/ms/-/ms-2.1.3.tgz 0ms (cache hit)
1933 http cache @rolldown/binding-win32-x64-msvc@https://registry.npmjs.org/@rolldown/binding-win32-x64-msvc/-/binding-win32-x64-msvc-1.0.0-rc.1.tgz 0ms (cache hit)
1934 http cache toidentifier@https://registry.npmjs.org/toidentifier/-/toidentifier-1.0.0.tgz 0ms (cache hit)
1935 http cache @vercel/oidc@https://registry.npmjs.org/@vercel/oidc/-/oidc-3.2.0.tgz 0ms (cache hit)
1936 http cache @rolldown/pluginutils@https://registry.npmjs.org/@rolldown/pluginutils/-/pluginutils-1.0.0-rc.1.tgz 0ms (cache hit)
1937 http cache setprototypeof@https://registry.npmjs.org/setprototypeof/-/setprototypeof-1.1.1.tgz 0ms (cache hit)
1938 http cache jose@https://registry.npmjs.org/jose/-/jose-6.2.3.tgz 0ms (cache hit)
1939 http cache safer-buffer@https://registry.npmjs.org/safer-buffer/-/safer-buffer-2.1.2.tgz 1ms (cache hit)
1940 http cache inherits@https://registry.npmjs.org/inherits/-/inherits-2.0.4.tgz 0ms (cache hit)
1941 http cache depd@https://registry.npmjs.org/depd/-/depd-1.1.2.tgz 0ms (cache hit)
1942 http cache unpipe@https://registry.npmjs.org/unpipe/-/unpipe-1.0.0.tgz 0ms (cache hit)
1943 http cache bytes@https://registry.npmjs.org/bytes/-/bytes-3.1.0.tgz 0ms (cache hit)
1944 http cache statuses@https://registry.npmjs.org/statuses/-/statuses-1.5.0.tgz 0ms (cache hit)
1945 http cache iconv-lite@https://registry.npmjs.org/iconv-lite/-/iconv-lite-0.4.24.tgz 0ms (cache hit)
1946 http cache http-errors@https://registry.npmjs.org/http-errors/-/http-errors-1.7.3.tgz 0ms (cache hit)
1947 http cache wrappy@https://registry.npmjs.org/wrappy/-/wrappy-1.0.2.tgz 0ms (cache hit)
1948 http cache once@https://registry.npmjs.org/once/-/once-1.4.0.tgz 0ms (cache hit)
1949 http cache end-of-stream@https://registry.npmjs.org/end-of-stream/-/end-of-stream-1.4.5.tgz 0ms (cache hit)
1950 http cache @tybys/wasm-util@https://registry.npmjs.org/@tybys/wasm-util/-/wasm-util-0.10.3.tgz 0ms (cache hit)
1951 http cache @emnapi/wasi-threads@https://registry.npmjs.org/@emnapi/wasi-threads/-/wasi-threads-1.2.3.tgz 0ms (cache hit)
1952 http cache parse-ms@https://registry.npmjs.org/parse-ms/-/parse-ms-2.1.0.tgz 0ms (cache hit)
1953 http cache tslib@https://registry.npmjs.org/tslib/-/tslib-2.8.1.tgz 0ms (cache hit)
1954 http cache lru-cache@https://registry.npmjs.org/lru-cache/-/lru-cache-11.5.2.tgz 0ms (cache hit)
1955 http cache @oxc-transform/binding-win32-x64-msvc@https://registry.npmjs.org/@oxc-transform/binding-win32-x64-msvc/-/binding-win32-x64-msvc-0.111.0.tgz 0ms (cache hit)
1956 http cache @emnapi/runtime@https://registry.npmjs.org/@emnapi/runtime/-/runtime-1.11.3.tgz 0ms (cache hit)
1957 http cache @emnapi/core@https://registry.npmjs.org/@emnapi/core/-/core-1.11.3.tgz 0ms (cache hit)
1958 http cache @napi-rs/wasm-runtime@https://registry.npmjs.org/@napi-rs/wasm-runtime/-/wasm-runtime-1.2.3.tgz 0ms (cache hit)
1959 http cache define-lazy-prop@https://registry.npmjs.org/define-lazy-prop/-/define-lazy-prop-2.0.0.tgz 0ms (cache hit)
1960 http cache is-docker@https://registry.npmjs.org/is-docker/-/is-docker-2.2.1.tgz 0ms (cache hit)
1961 http cache is-wsl@https://registry.npmjs.org/is-wsl/-/is-wsl-2.2.0.tgz 0ms (cache hit)
1962 http cache mimic-fn@https://registry.npmjs.org/mimic-fn/-/mimic-fn-2.1.0.tgz 0ms (cache hit)
1963 http cache @isaacs/balanced-match@https://registry.npmjs.org/@isaacs/balanced-match/-/balanced-match-4.0.1.tgz 0ms (cache hit)
1964 http cache whatwg-url@https://registry.npmjs.org/whatwg-url/-/whatwg-url-5.0.0.tgz 0ms (cache hit)
1965 http cache raw-body@https://registry.npmjs.org/raw-body/-/raw-body-2.4.1.tgz 0ms (cache hit)
1966 http cache abbrev@https://registry.npmjs.org/abbrev/-/abbrev-3.0.1.tgz 0ms (cache hit)
1967 http cache argparse@https://registry.npmjs.org/argparse/-/argparse-2.0.1.tgz 0ms (cache hit)
1968 http cache @isaacs/brace-expansion@https://registry.npmjs.org/@isaacs/brace-expansion/-/brace-expansion-5.0.1.tgz 0ms (cache hit)
1969 http cache @types/json-schema@https://registry.npmjs.org/@types/json-schema/-/json-schema-7.0.15.tgz 0ms (cache hit)
1970 http cache path-scurry@https://registry.npmjs.org/path-scurry/-/path-scurry-2.0.2.tgz 0ms (cache hit)
1971 http cache content-type@https://registry.npmjs.org/content-type/-/content-type-1.0.4.tgz 0ms (cache hit)
1972 http cache arg@https://registry.npmjs.org/arg/-/arg-4.1.0.tgz 0ms (cache hit)
1973 http cache mime-db@https://registry.npmjs.org/mime-db/-/mime-db-1.52.0.tgz 0ms (cache hit)
1974 http cache ts-toolbelt@https://registry.npmjs.org/ts-toolbelt/-/ts-toolbelt-6.15.5.tgz 0ms (cache hit)
1975 http cache agent-base@https://registry.npmjs.org/agent-base/-/agent-base-7.1.4.tgz 0ms (cache hit)
1976 http cache pump@https://registry.npmjs.org/pump/-/pump-3.0.4.tgz 0ms (cache hit)
1977 http cache minipass@https://registry.npmjs.org/minipass/-/minipass-7.1.3.tgz 0ms (cache hit)
1978 http cache universalify@https://registry.npmjs.org/universalify/-/universalify-2.0.1.tgz 0ms (cache hit)
1979 http cache jsonfile@https://registry.npmjs.org/jsonfile/-/jsonfile-6.2.1.tgz 0ms (cache hit)
1980 http cache shebang-command@https://registry.npmjs.org/shebang-command/-/shebang-command-2.0.0.tgz 0ms (cache hit)
1981 http cache strip-final-newline@https://registry.npmjs.org/strip-final-newline/-/strip-final-newline-2.0.0.tgz 0ms (cache hit)
1982 http cache which@https://registry.npmjs.org/which/-/which-2.0.2.tgz 0ms (cache hit)
1983 http cache path-key@https://registry.npmjs.org/path-key/-/path-key-3.1.1.tgz 0ms (cache hit)
1984 http cache p-finally@https://registry.npmjs.org/p-finally/-/p-finally-2.0.1.tgz 0ms (cache hit)
1985 http cache merge-stream@https://registry.npmjs.org/merge-stream/-/merge-stream-2.0.0.tgz 0ms (cache hit)
1986 http cache onetime@https://registry.npmjs.org/onetime/-/onetime-5.1.2.tgz 0ms (cache hit)
1987 http cache npm-run-path@https://registry.npmjs.org/npm-run-path/-/npm-run-path-4.0.1.tgz 0ms (cache hit)
1988 http cache human-signals@https://registry.npmjs.org/human-signals/-/human-signals-1.1.1.tgz 0ms (cache hit)
1989 http cache cross-spawn@https://registry.npmjs.org/cross-spawn/-/cross-spawn-7.0.6.tgz 0ms (cache hit)
1990 http cache get-stream@https://registry.npmjs.org/get-stream/-/get-stream-5.2.0.tgz 0ms (cache hit)
1991 http cache pretty-ms@https://registry.npmjs.org/pretty-ms/-/pretty-ms-7.0.1.tgz 0ms (cache hit)
1992 http cache is-stream@https://registry.npmjs.org/is-stream/-/is-stream-2.0.1.tgz 0ms (cache hit)
1993 http cache time-span@https://registry.npmjs.org/time-span/-/time-span-4.0.0.tgz 0ms (cache hit)
1994 http cache @esbuild/win32-x64@https://registry.npmjs.org/@esbuild/win32-x64/-/win32-x64-0.27.0.tgz 0ms (cache hit)
1995 http cache @edge-runtime/ponyfill@https://registry.npmjs.org/@edge-runtime/ponyfill/-/ponyfill-2.4.2.tgz 0ms (cache hit)
1996 http cache picocolors@https://registry.npmjs.org/picocolors/-/picocolors-1.0.0.tgz 0ms (cache hit)
1997 http cache mri@https://registry.npmjs.org/mri/-/mri-1.2.0.tgz 0ms (cache hit)
1998 http cache signal-exit@https://registry.npmjs.org/signal-exit/-/signal-exit-4.0.2.tgz 0ms (cache hit)
1999 http cache retry@https://registry.npmjs.org/retry/-/retry-0.13.1.tgz 1ms (cache hit)
2000 http cache readdirp@https://registry.npmjs.org/readdirp/-/readdirp-4.1.2.tgz 0ms (cache hit)
2001 http cache file-uri-to-path@https://registry.npmjs.org/file-uri-to-path/-/file-uri-to-path-1.0.0.tgz 0ms (cache hit)
2002 http cache uri-js@https://registry.npmjs.org/uri-js/-/uri-js-4.4.1.tgz 0ms (cache hit)
2003 http cache @edge-runtime/format@https://registry.npmjs.org/@edge-runtime/format/-/format-2.2.1.tgz 0ms (cache hit)
2004 http cache json-schema-traverse@https://registry.npmjs.org/json-schema-traverse/-/json-schema-traverse-1.0.0.tgz 0ms (cache hit)
2005 http cache require-from-string@https://registry.npmjs.org/require-from-string/-/require-from-string-2.0.2.tgz 0ms (cache hit)
2006 http cache fast-deep-equal@https://registry.npmjs.org/fast-deep-equal/-/fast-deep-equal-3.1.3.tgz 0ms (cache hit)
2007 http cache json-schema-to-ts@https://registry.npmjs.org/json-schema-to-ts/-/json-schema-to-ts-1.6.4.tgz 0ms (cache hit)
2008 http cache @vercel/gatsby-plugin-vercel-builder@https://registry.npmjs.org/@vercel/gatsby-plugin-vercel-builder/-/gatsby-plugin-vercel-builder-2.2.41.tgz 0ms (cache hit)
2009 http cache @vercel/gatsby-plugin-vercel-analytics@https://registry.npmjs.org/@vercel/gatsby-plugin-vercel-analytics/-/gatsby-plugin-vercel-analytics-1.0.12.tgz 0ms (cache hit)
2010 http cache ajv@https://registry.npmjs.org/ajv/-/ajv-8.6.3.tgz 0ms (cache hit)
2011 http cache @vercel/cli-exec@https://registry.npmjs.org/@vercel/cli-exec/-/cli-exec-1.0.1.tgz 0ms (cache hit)
2012 http cache @sinclair/typebox@https://registry.npmjs.org/@sinclair/typebox/-/typebox-0.25.24.tgz 0ms (cache hit)
2013 http cache web-vitals@https://registry.npmjs.org/web-vitals/-/web-vitals-0.2.4.tgz 0ms (cache hit)
2014 http cache @renovatebot/pep440@https://registry.npmjs.org/@renovatebot/pep440/-/pep440-4.2.1.tgz 0ms (cache hit)
2015 http cache js-yaml@https://registry.npmjs.org/js-yaml/-/js-yaml-4.1.1.tgz 0ms (cache hit)
2016 http cache signal-exit@https://registry.npmjs.org/signal-exit/-/signal-exit-3.0.7.tgz 0ms (cache hit)
2017 http cache minimatch@https://registry.npmjs.org/minimatch/-/minimatch-10.1.1.tgz 0ms (cache hit)
2018 http cache @bytecodealliance/preview2-shim@https://registry.npmjs.org/@bytecodealliance/preview2-shim/-/preview2-shim-0.17.6.tgz 0ms (cache hit)
2019 http cache undici-types@https://registry.npmjs.org/undici-types/-/undici-types-5.26.5.tgz 0ms (cache hit)
2020 http cache human-signals@https://registry.npmjs.org/human-signals/-/human-signals-2.1.0.tgz 0ms (cache hit)
2021 http cache path-to-regexp-updated@https://registry.npmjs.org/path-to-regexp/-/path-to-regexp-6.3.0.tgz 0ms (cache hit)
2022 http cache get-stream@https://registry.npmjs.org/get-stream/-/get-stream-6.0.1.tgz 0ms (cache hit)
2023 http cache execa@https://registry.npmjs.org/execa/-/execa-5.1.1.tgz 0ms (cache hit)
2024 http cache mime-types@https://registry.npmjs.org/mime-types/-/mime-types-2.1.35.tgz 0ms (cache hit)
2025 http cache typescript@https://registry.npmjs.org/typescript/-/typescript-5.9.3.tgz 0ms (cache hit)
2026 http cache @types/node@https://registry.npmjs.org/@types/node/-/node-20.11.0.tgz 0ms (cache hit)
2027 http cache etag@https://registry.npmjs.org/etag/-/etag-1.8.1.tgz 0ms (cache hit)
2028 http cache edge-runtime@https://registry.npmjs.org/edge-runtime/-/edge-runtime-2.5.9.tgz 0ms (cache hit)
2029 http cache @edge-runtime/primitives@https://registry.npmjs.org/@edge-runtime/primitives/-/primitives-4.1.0.tgz 0ms (cache hit)
2030 http cache @vercel/error-utils@https://registry.npmjs.org/@vercel/error-utils/-/error-utils-2.2.1.tgz 0ms (cache hit)
2031 http cache @edge-runtime/vm@https://registry.npmjs.org/@edge-runtime/vm/-/vm-3.2.0.tgz 0ms (cache hit)
2032 http cache async-listen@https://registry.npmjs.org/async-listen/-/async-listen-3.0.1.tgz 0ms (cache hit)
2033 http cache @edge-runtime/node-utils@https://registry.npmjs.org/@edge-runtime/node-utils/-/node-utils-2.3.0.tgz 0ms (cache hit)
2034 http cache @types/estree@https://registry.npmjs.org/@types/estree/-/estree-1.0.9.tgz 0ms (cache hit)
2035 http cache nopt@https://registry.npmjs.org/nopt/-/nopt-8.1.0.tgz 0ms (cache hit)
2036 http cache detect-libc@https://registry.npmjs.org/detect-libc/-/detect-libc-2.1.2.tgz 0ms (cache hit)
2037 http cache https-proxy-agent@https://registry.npmjs.org/https-proxy-agent/-/https-proxy-agent-7.0.6.tgz 0ms (cache hit)
2038 http cache resolve-from@https://registry.npmjs.org/resolve-from/-/resolve-from-5.0.0.tgz 0ms (cache hit)
2039 http cache glob@https://registry.npmjs.org/glob/-/glob-13.0.6.tgz 0ms (cache hit)
2040 http cache picomatch@https://registry.npmjs.org/picomatch/-/picomatch-4.0.5.tgz 0ms (cache hit)
2041 http cache consola@https://registry.npmjs.org/consola/-/consola-3.4.2.tgz 0ms (cache hit)
2042 http cache graceful-fs@https://registry.npmjs.org/graceful-fs/-/graceful-fs-4.2.11.tgz 0ms (cache hit)
2043 http cache estree-walker@https://registry.npmjs.org/estree-walker/-/estree-walker-2.0.2.tgz 0ms (cache hit)
2044 http cache node-gyp-build@https://registry.npmjs.org/node-gyp-build/-/node-gyp-build-4.8.4.tgz 0ms (cache hit)
2045 http cache bindings@https://registry.npmjs.org/bindings/-/bindings-1.5.0.tgz 0ms (cache hit)
2046 http cache balanced-match@https://registry.npmjs.org/balanced-match/-/balanced-match-4.0.4.tgz 0ms (cache hit)
2047 http cache async-sema@https://registry.npmjs.org/async-sema/-/async-sema-3.1.1.tgz 0ms (cache hit)
2048 http cache brace-expansion@https://registry.npmjs.org/brace-expansion/-/brace-expansion-5.0.9.tgz 0ms (cache hit)
2049 http cache minimatch@https://registry.npmjs.org/minimatch/-/minimatch-10.2.6.tgz 0ms (cache hit)
2050 http cache @mapbox/node-pre-gyp@https://registry.npmjs.org/@mapbox/node-pre-gyp/-/node-pre-gyp-2.0.3.tgz 0ms (cache hit)
2051 http cache acorn-import-attributes@https://registry.npmjs.org/acorn-import-attributes/-/acorn-import-attributes-1.9.5.tgz 0ms (cache hit)
2052 http cache acorn@https://registry.npmjs.org/acorn/-/acorn-8.18.0.tgz 0ms (cache hit)
2053 http cache yauzl-promise@https://registry.npmjs.org/yauzl-promise/-/yauzl-promise-2.1.3.tgz 0ms (cache hit)
2054 http cache uid-promise@https://registry.npmjs.org/uid-promise/-/uid-promise-1.0.0.tgz 0ms (cache hit)
2055 http cache @rollup/pluginutils@https://registry.npmjs.org/@rollup/pluginutils/-/pluginutils-5.4.0.tgz 0ms (cache hit)
2056 http cache tree-kill@https://registry.npmjs.org/tree-kill/-/tree-kill-1.2.2.tgz 0ms (cache hit)
2057 http cache tinyexec@https://registry.npmjs.org/tinyexec/-/tinyexec-0.3.2.tgz 0ms (cache hit)
2058 http cache stat-mode@https://registry.npmjs.org/stat-mode/-/stat-mode-0.3.0.tgz 0ms (cache hit)
2059 http cache tar@https://registry.npmjs.org/tar/-/tar-7.5.7.tgz 0ms (cache hit)
2060 http cache semver@https://registry.npmjs.org/semver/-/semver-7.5.4.tgz 0ms (cache hit)
2061 http cache stream-to-promise@https://registry.npmjs.org/stream-to-promise/-/stream-to-promise-2.2.0.tgz 0ms (cache hit)
2062 http cache end-of-stream@https://registry.npmjs.org/end-of-stream/-/end-of-stream-1.1.0.tgz 0ms (cache hit)
2063 http cache micro@https://registry.npmjs.org/micro/-/micro-9.3.5-canary.3.tgz 0ms (cache hit)
2064 http cache ms@https://registry.npmjs.org/ms/-/ms-2.1.1.tgz 0ms (cache hit)
2065 http cache once@https://registry.npmjs.org/once/-/once-1.3.3.tgz 0ms (cache hit)
2066 http cache promisepipe@https://registry.npmjs.org/promisepipe/-/promisepipe-3.0.0.tgz 0ms (cache hit)
2067 http cache node-fetch@https://registry.npmjs.org/node-fetch/-/node-fetch-2.6.7.tgz 0ms (cache hit)
2068 http cache generic-pool@https://registry.npmjs.org/generic-pool/-/generic-pool-3.4.2.tgz 0ms (cache hit)
2069 http cache debug@https://registry.npmjs.org/debug/-/debug-4.3.4.tgz 0ms (cache hit)
2070 http cache @vercel/cervel@https://registry.npmjs.org/@vercel/cervel/-/cervel-0.1.46.tgz 0ms (cache hit)
2071 http cache @tootallnate/once@https://registry.npmjs.org/@tootallnate/once/-/once-2.0.0.tgz 0ms (cache hit)
2072 http cache open@https://registry.npmjs.org/open/-/open-8.4.0.tgz 0ms (cache hit)
2073 http cache yallist@https://registry.npmjs.org/yallist/-/yallist-4.0.0.tgz 0ms (cache hit)
2074 http cache lru-cache@https://registry.npmjs.org/lru-cache/-/lru-cache-6.0.0.tgz 0ms (cache hit)
2075 http cache ms@https://registry.npmjs.org/ms/-/ms-2.1.2.tgz 0ms (cache hit)
2076 http cache xdg-app-paths@https://registry.npmjs.org/xdg-app-paths/-/xdg-app-paths-5.5.1.tgz 0ms (cache hit)
2077 http cache es-module-lexer@https://registry.npmjs.org/es-module-lexer/-/es-module-lexer-1.5.0.tgz 0ms (cache hit)
2078 http cache async-listen@https://registry.npmjs.org/async-listen/-/async-listen-3.0.0.tgz 0ms (cache hit)
2079 http cache @napi-rs/keyring-win32-x64-msvc@https://registry.npmjs.org/@napi-rs/keyring-win32-x64-msvc/-/keyring-win32-x64-msvc-1.2.0.tgz 0ms (cache hit)
2080 http cache cjs-module-lexer@https://registry.npmjs.org/cjs-module-lexer/-/cjs-module-lexer-1.2.3.tgz 0ms (cache hit)
2081 http cache throttleit@https://registry.npmjs.org/throttleit/-/throttleit-2.1.0.tgz 0ms (cache hit)
2082 http cache @vercel/oidc@https://registry.npmjs.org/@vercel/oidc/-/oidc-3.8.4.tgz 0ms (cache hit)
2083 http cache is-node-process@https://registry.npmjs.org/is-node-process/-/is-node-process-1.2.0.tgz 0ms (cache hit)
2084 http cache @napi-rs/keyring@https://registry.npmjs.org/@napi-rs/keyring/-/keyring-1.2.0.tgz 0ms (cache hit)
2085 http cache is-buffer@https://registry.npmjs.org/is-buffer/-/is-buffer-2.0.5.tgz 0ms (cache hit)
2086 http cache async-retry@https://registry.npmjs.org/async-retry/-/async-retry-1.3.3.tgz 0ms (cache hit)
2087 http cache ts-morph@https://registry.npmjs.org/ts-morph/-/ts-morph-12.0.0.tgz 0ms (cache hit)
2088 http cache tsx@https://registry.npmjs.org/tsx/-/tsx-4.21.0.tgz 0ms (cache hit)
2089 http cache srvx@https://registry.npmjs.org/srvx/-/srvx-0.11.16.tgz 0ms (cache hit)
2090 http cache rolldown@https://registry.npmjs.org/rolldown/-/rolldown-1.0.0-rc.1.tgz 0ms (cache hit)
2091 http cache resolve.exports@https://registry.npmjs.org/resolve.exports/-/resolve.exports-2.0.3.tgz 0ms (cache hit)
2092 http cache oxc-transform@https://registry.npmjs.org/oxc-transform/-/oxc-transform-0.111.0.tgz 0ms (cache hit)
2093 http cache path-to-regexp@https://registry.npmjs.org/path-to-regexp/-/path-to-regexp-8.3.0.tgz 0ms (cache hit)
2094 http cache @vercel/static-config@https://registry.npmjs.org/@vercel/static-config/-/static-config-3.4.1.tgz 0ms (cache hit)
2095 http cache fs-extra@https://registry.npmjs.org/fs-extra/-/fs-extra-11.1.0.tgz 0ms (cache hit)
2096 http cache get-port@https://registry.npmjs.org/get-port/-/get-port-5.1.1.tgz 0ms (cache hit)
2097 http cache @vercel/nft@https://registry.npmjs.org/@vercel/nft/-/nft-1.10.0.tgz 0ms (cache hit)
2098 http cache uuid@https://registry.npmjs.org/uuid/-/uuid-14.0.1.tgz 0ms (cache hit)
2099 http cache zod@https://registry.npmjs.org/zod/-/zod-4.1.11.tgz 0ms (cache hit)
2100 http cache signal-exit@https://registry.npmjs.org/signal-exit/-/signal-exit-3.0.7.tgz 0ms (cache hit)
2101 http cache execa@https://registry.npmjs.org/execa/-/execa-3.2.0.tgz 0ms (cache hit)
2102 http cache undici@https://registry.npmjs.org/undici/-/undici-5.29.0.tgz 0ms (cache hit)
2103 http cache smol-toml@https://registry.npmjs.org/smol-toml/-/smol-toml-1.5.2.tgz 0ms (cache hit)
2104 http cache sandbox@https://registry.npmjs.org/sandbox/-/sandbox-3.4.0.tgz 0ms (cache hit)
2105 http cache jsonc-parser@https://registry.npmjs.org/jsonc-parser/-/jsonc-parser-3.3.1.tgz 0ms (cache hit)
2106 http cache luxon@https://registry.npmjs.org/luxon/-/luxon-3.7.2.tgz 0ms (cache hit)
2107 http cache ms@https://registry.npmjs.org/ms/-/ms-2.1.3.tgz 0ms (cache hit)
2108 http cache @vercel/static-build@https://registry.npmjs.org/@vercel/static-build/-/static-build-2.12.7.tgz 0ms (cache hit)
2109 http cache debug@https://registry.npmjs.org/debug/-/debug-4.4.3.tgz 0ms (cache hit)
2110 http cache jose@https://registry.npmjs.org/jose/-/jose-5.9.6.tgz 0ms (cache hit)
2111 http cache esbuild@https://registry.npmjs.org/esbuild/-/esbuild-0.27.0.tgz 0ms (cache hit)
2112 http cache @vercel/rust@https://registry.npmjs.org/@vercel/rust/-/rust-1.4.2.tgz 0ms (cache hit)
2113 http cache @vercel/ruby@https://registry.npmjs.org/@vercel/ruby/-/ruby-2.5.1.tgz 0ms (cache hit)
2114 http cache chokidar@https://registry.npmjs.org/chokidar/-/chokidar-4.0.0.tgz 0ms (cache hit)
2115 http cache signal-exit@https://registry.npmjs.org/signal-exit/-/signal-exit-3.0.7.tgz 0ms (cache hit)
2116 http cache execa@https://registry.npmjs.org/execa/-/execa-5.1.1.tgz 0ms (cache hit)
2117 http cache @vercel/remix-builder@https://registry.npmjs.org/@vercel/remix-builder/-/remix-builder-5.9.5.tgz 0ms (cache hit)
2118 http cache get-stream@https://registry.npmjs.org/get-stream/-/get-stream-6.0.1.tgz 0ms (cache hit)
2119 http cache human-signals@https://registry.npmjs.org/human-signals/-/human-signals-2.1.0.tgz 0ms (cache hit)
2120 http cache @vercel/python-analysis@https://registry.npmjs.org/@vercel/python-analysis/-/python-analysis-0.13.2.tgz 0ms (cache hit)
2121 http cache @vercel/redwood@https://registry.npmjs.org/@vercel/redwood/-/redwood-2.5.2.tgz 0ms (cache hit)
2122 http cache @vercel/node@https://registry.npmjs.org/@vercel/node/-/node-5.10.1.tgz 0ms (cache hit)
2123 http cache undici@https://registry.npmjs.org/undici/-/undici-5.28.4.tgz 0ms (cache hit)
2124 http cache path-to-regexp@https://registry.npmjs.org/path-to-regexp/-/path-to-regexp-6.1.0.tgz 0ms (cache hit)
2125 http cache semver@https://registry.npmjs.org/semver/-/semver-6.3.1.tgz 0ms (cache hit)
2126 http cache @vercel/python@https://registry.npmjs.org/@vercel/python/-/python-6.57.1.tgz 0ms (cache hit)
2127 http cache @vercel/prepare-flags-definitions@https://registry.npmjs.org/@vercel/prepare-flags-definitions/-/prepare-flags-definitions-0.3.0.tgz 0ms (cache hit)
2128 http cache path-to-regexp@https://registry.npmjs.org/path-to-regexp/-/path-to-regexp-6.1.0.tgz 0ms (cache hit)
2129 http cache fs-extra@https://registry.npmjs.org/fs-extra/-/fs-extra-11.1.1.tgz 0ms (cache hit)
2130 http cache es-module-lexer@https://registry.npmjs.org/es-module-lexer/-/es-module-lexer-1.4.1.tgz 0ms (cache hit)
2131 http cache zod@https://registry.npmjs.org/zod/-/zod-3.22.4.tgz 0ms (cache hit)
2132 http cache @vercel/koa@https://registry.npmjs.org/@vercel/koa/-/koa-0.1.98.tgz 0ms (cache hit)
2133 http cache node-fetch@https://registry.npmjs.org/node-fetch/-/node-fetch-2.6.9.tgz 0ms (cache hit)
2134 http cache @vercel/next@https://registry.npmjs.org/@vercel/next/-/next-4.21.6.tgz 0ms (cache hit)
2135 http cache @vercel/nestjs@https://registry.npmjs.org/@vercel/nestjs/-/nestjs-0.2.119.tgz 0ms (cache hit)
2136 http cache @vercel/hydrogen@https://registry.npmjs.org/@vercel/hydrogen/-/hydrogen-1.4.2.tgz 0ms (cache hit)
2137 http cache @vercel/go@https://registry.npmjs.org/@vercel/go/-/go-3.11.0.tgz 0ms (cache hit)
2138 http cache @vercel/h3@https://registry.npmjs.org/@vercel/h3/-/h3-0.1.124.tgz 0ms (cache hit)
2139 http cache @vercel/hono@https://registry.npmjs.org/@vercel/hono/-/hono-0.2.118.tgz 0ms (cache hit)
2140 http cache @vercel/fun@https://registry.npmjs.org/@vercel/fun/-/fun-1.3.0.tgz 0ms (cache hit)
2141 http cache zod@https://registry.npmjs.org/zod/-/zod-3.22.4.tgz 0ms (cache hit)
2142 http cache @vercel/fastify@https://registry.npmjs.org/@vercel/fastify/-/fastify-0.1.118.tgz 0ms (cache hit)
2143 http cache @vercel/express@https://registry.npmjs.org/@vercel/express/-/express-0.1.129.tgz 0ms (cache hit)
2144 http cache async-listen@https://registry.npmjs.org/async-listen/-/async-listen-1.2.0.tgz 0ms (cache hit)
2145 http cache path-to-regexp@https://registry.npmjs.org/path-to-regexp/-/path-to-regexp-8.2.0.tgz 0ms (cache hit)
2146 http cache @vercel/elysia@https://registry.npmjs.org/@vercel/elysia/-/elysia-0.1.115.tgz 0ms (cache hit)
2147 http cache xdg-app-paths@https://registry.npmjs.org/xdg-app-paths/-/xdg-app-paths-5.1.0.tgz 0ms (cache hit)
2148 http cache @vercel/detect-agent@https://registry.npmjs.org/@vercel/detect-agent/-/detect-agent-1.2.5.tgz 0ms (cache hit)
2149 http cache @vercel/cli-config@https://registry.npmjs.org/@vercel/cli-config/-/cli-config-0.2.3.tgz 0ms (cache hit)
2150 http cache @vercel/container@https://registry.npmjs.org/@vercel/container/-/container-0.2.0.tgz 0ms (cache hit)
2151 http cache zod@https://registry.npmjs.org/zod/-/zod-3.22.4.tgz 0ms (cache hit)
2152 silly tarball no local data for vercel@https://registry.npmjs.org/vercel/-/vercel-59.1.4.tgz. Extracting by manifest.
2153 http cache @vercel/build-utils@https://registry.npmjs.org/@vercel/build-utils/-/build-utils-14.1.1.tgz 0ms (cache hit)
2154 http cache @vercel/cli-auth@https://registry.npmjs.org/@vercel/cli-auth/-/cli-auth-0.3.4.tgz 0ms (cache hit)
2155 silly tarball no local data for balanced-match@https://registry.npmjs.org/balanced-match/-/balanced-match-1.0.2.tgz. Extracting by manifest.
2156 http cache @vercel/blob@https://registry.npmjs.org/@vercel/blob/-/blob-2.8.0.tgz 0ms (cache hit)
2157 http cache @vercel/backends@https://registry.npmjs.org/@vercel/backends/-/backends-0.8.38.tgz 0ms (cache hit)
2158 http cache undici@https://registry.npmjs.org/undici/-/undici-6.28.0.tgz 0ms (cache hit)
2159 silly tarball no local data for concat-map@https://registry.npmjs.org/concat-map/-/concat-map-0.0.1.tgz. Extracting by manifest.
2160 http cache zod@https://registry.npmjs.org/zod/-/zod-3.22.4.tgz 0ms (cache hit)
2161 silly tarball no local data for brace-expansion@https://registry.npmjs.org/brace-expansion/-/brace-expansion-1.1.18.tgz. Extracting by manifest.
2162 silly tarball no local data for yauzl-clone@https://registry.npmjs.org/yauzl-clone/-/yauzl-clone-1.0.4.tgz. Extracting by manifest.
2163 silly tarball no local data for events-intercept@https://registry.npmjs.org/events-intercept/-/events-intercept-2.0.0.tgz. Extracting by manifest.
2164 silly tarball no local data for buffer-crc32@https://registry.npmjs.org/buffer-crc32/-/buffer-crc32-0.2.13.tgz. Extracting by manifest.
2165 silly tarball no local data for fd-slicer@https://registry.npmjs.org/fd-slicer/-/fd-slicer-1.1.0.tgz. Extracting by manifest.
2166 silly tarball no local data for pend@https://registry.npmjs.org/pend/-/pend-1.2.0.tgz. Extracting by manifest.
2167 silly tarball no local data for xdg-portable@https://registry.npmjs.org/xdg-portable/-/xdg-portable-7.3.0.tgz. Extracting by manifest.
2168 silly tarball no local data for os-paths@https://registry.npmjs.org/os-paths/-/os-paths-4.4.0.tgz. Extracting by manifest.
2169 silly tarball no local data for isexe@https://registry.npmjs.org/isexe/-/isexe-2.0.0.tgz. Extracting by manifest.
2170 silly tarball no local data for @fastify/busboy@https://registry.npmjs.org/@fastify/busboy/-/busboy-2.1.1.tgz. Extracting by manifest.
2171 silly tarball no local data for punycode@https://registry.npmjs.org/punycode/-/punycode-2.3.1.tgz. Extracting by manifest.
2172 silly tarball no local data for tr46@https://registry.npmjs.org/tr46/-/tr46-0.0.3.tgz. Extracting by manifest.
2173 silly tarball no local data for webidl-conversions@https://registry.npmjs.org/webidl-conversions/-/webidl-conversions-3.0.1.tgz. Extracting by manifest.
2174 silly tarball no local data for is-number@https://registry.npmjs.org/is-number/-/is-number-7.0.0.tgz. Extracting by manifest.
2175 silly tarball no local data for yauzl@https://registry.npmjs.org/yauzl/-/yauzl-2.10.0.tgz. Extracting by manifest.
2176 silly tarball no local data for queue-microtask@https://registry.npmjs.org/queue-microtask/-/queue-microtask-1.2.3.tgz. Extracting by manifest.
2177 silly tarball no local data for braces@https://registry.npmjs.org/braces/-/braces-3.0.3.tgz. Extracting by manifest.
2178 silly tarball no local data for get-tsconfig@https://registry.npmjs.org/get-tsconfig/-/get-tsconfig-4.14.3.tgz. Extracting by manifest.
2179 silly tarball no local data for is-extglob@https://registry.npmjs.org/is-extglob/-/is-extglob-2.1.1.tgz. Extracting by manifest.
2180 silly tarball no local data for fill-range@https://registry.npmjs.org/fill-range/-/fill-range-7.1.1.tgz. Extracting by manifest.
2181 silly tarball no local data for to-regex-range@https://registry.npmjs.org/to-regex-range/-/to-regex-range-5.0.1.tgz. Extracting by manifest.
2182 silly tarball no local data for is-glob@https://registry.npmjs.org/is-glob/-/is-glob-4.0.3.tgz. Extracting by manifest.
2183 silly tarball no local data for resolve-pkg-maps@https://registry.npmjs.org/resolve-pkg-maps/-/resolve-pkg-maps-1.0.0.tgz. Extracting by manifest.
2184 silly tarball no local data for reusify@https://registry.npmjs.org/reusify/-/reusify-1.1.0.tgz. Extracting by manifest.
2185 silly tarball no local data for run-parallel@https://registry.npmjs.org/run-parallel/-/run-parallel-1.2.0.tgz. Extracting by manifest.
2186 silly tarball no local data for fastq@https://registry.npmjs.org/fastq/-/fastq-1.20.1.tgz. Extracting by manifest.
2187 silly tarball no local data for merge2@https://registry.npmjs.org/merge2/-/merge2-1.4.1.tgz. Extracting by manifest.
2188 silly tarball no local data for micromatch@https://registry.npmjs.org/micromatch/-/micromatch-4.0.8.tgz. Extracting by manifest.
2189 silly tarball no local data for @nodelib/fs.scandir@https://registry.npmjs.org/@nodelib/fs.scandir/-/fs.scandir-2.1.5.tgz. Extracting by manifest.
2190 silly tarball no local data for glob-parent@https://registry.npmjs.org/glob-parent/-/glob-parent-5.1.2.tgz. Extracting by manifest.
2191 silly tarball no local data for @nodelib/fs.walk@https://registry.npmjs.org/@nodelib/fs.walk/-/fs.walk-1.2.8.tgz. Extracting by manifest.
2192 silly tarball no local data for @nodelib/fs.stat@https://registry.npmjs.org/@nodelib/fs.stat/-/fs.stat-2.0.5.tgz. Extracting by manifest.
2193 silly tarball no local data for picomatch@https://registry.npmjs.org/picomatch/-/picomatch-2.3.2.tgz. Extracting by manifest.
2194 silly tarball no local data for mkdirp@https://registry.npmjs.org/mkdirp/-/mkdirp-1.0.4.tgz. Extracting by manifest.
2195 silly tarball no local data for path-browserify@https://registry.npmjs.org/path-browserify/-/path-browserify-1.0.1.tgz. Extracting by manifest.
2196 silly tarball no local data for fast-glob@https://registry.npmjs.org/fast-glob/-/fast-glob-3.3.3.tgz. Extracting by manifest.
2197 silly tarball no local data for code-block-writer@https://registry.npmjs.org/code-block-writer/-/code-block-writer-10.1.1.tgz. Extracting by manifest.
2198 silly tarball no local data for convert-hrtime@https://registry.npmjs.org/convert-hrtime/-/convert-hrtime-3.0.0.tgz. Extracting by manifest.
2199 silly tarball no local data for text-decoder@https://registry.npmjs.org/text-decoder/-/text-decoder-1.2.7.tgz. Extracting by manifest.
2200 silly tarball no local data for bare-events@https://registry.npmjs.org/bare-events/-/bare-events-2.9.1.tgz. Extracting by manifest.
2201 silly tarball no local data for @ts-morph/common@https://registry.npmjs.org/@ts-morph/common/-/common-0.11.1.tgz. Extracting by manifest.
2202 silly tarball no local data for events-universal@https://registry.npmjs.org/events-universal/-/events-universal-1.0.1.tgz. Extracting by manifest.
2203 silly tarball no local data for minimatch@https://registry.npmjs.org/minimatch/-/minimatch-3.1.5.tgz. Extracting by manifest.
2204 silly tarball no local data for streamx@https://registry.npmjs.org/streamx/-/streamx-2.28.0.tgz. Extracting by manifest.
2205 silly tarball no local data for b4a@https://registry.npmjs.org/b4a/-/b4a-1.8.1.tgz. Extracting by manifest.
2206 silly tarball no local data for fast-fifo@https://registry.npmjs.org/fast-fifo/-/fast-fifo-1.3.2.tgz. Extracting by manifest.
2207 silly tarball no local data for @isaacs/fs-minipass@https://registry.npmjs.org/@isaacs/fs-minipass/-/fs-minipass-4.0.1.tgz. Extracting by manifest.
2208 silly tarball no local data for yallist@https://registry.npmjs.org/yallist/-/yallist-5.0.0.tgz. Extracting by manifest.
2209 silly tarball no local data for stream-to-array@https://registry.npmjs.org/stream-to-array/-/stream-to-array-2.3.0.tgz. Extracting by manifest.
2210 silly tarball no local data for chownr@https://registry.npmjs.org/chownr/-/chownr-3.0.0.tgz. Extracting by manifest.
2211 silly tarball no local data for minizlib@https://registry.npmjs.org/minizlib/-/minizlib-3.1.0.tgz. Extracting by manifest.
2212 silly tarball no local data for @vercel/sandbox@https://registry.npmjs.org/@vercel/sandbox/-/sandbox-2.4.0.tgz. Extracting by manifest.
2213 silly tarball no local data for any-promise@https://registry.npmjs.org/any-promise/-/any-promise-1.3.0.tgz. Extracting by manifest.
2214 silly tarball no local data for shebang-regex@https://registry.npmjs.org/shebang-regex/-/shebang-regex-3.0.0.tgz. Extracting by manifest.
2215 silly tarball no local data for tar-stream@https://registry.npmjs.org/tar-stream/-/tar-stream-3.1.7.tgz. Extracting by manifest.
2216 silly tarball no local data for @workflow/serde@https://registry.npmjs.org/@workflow/serde/-/serde-4.1.0-beta.2.tgz. Extracting by manifest.
2217 silly tarball no local data for jsonlines@https://registry.npmjs.org/jsonlines/-/jsonlines-0.1.1.tgz. Extracting by manifest.
2218 silly tarball no local data for undici@https://registry.npmjs.org/undici/-/undici-7.29.0.tgz. Extracting by manifest.
2219 silly tarball no local data for ws@https://registry.npmjs.org/ws/-/ws-8.21.3.tgz. Extracting by manifest.
2220 silly tarball no local data for @oxc-project/types@https://registry.npmjs.org/@oxc-project/types/-/types-0.110.0.tgz. Extracting by manifest.
2221 silly tarball no local data for picocolors@https://registry.npmjs.org/picocolors/-/picocolors-1.1.1.tgz. Extracting by manifest.
2222 silly tarball no local data for xdg-app-paths@https://registry.npmjs.org/xdg-app-paths/-/xdg-app-paths-5.1.0.tgz. Extracting by manifest.
2223 silly tarball no local data for ms@https://registry.npmjs.org/ms/-/ms-2.1.3.tgz. Extracting by manifest.
2224 silly tarball no local data for @rolldown/binding-win32-x64-msvc@https://registry.npmjs.org/@rolldown/binding-win32-x64-msvc/-/binding-win32-x64-msvc-1.0.0-rc.1.tgz. Extracting by manifest.
2225 silly tarball no local data for toidentifier@https://registry.npmjs.org/toidentifier/-/toidentifier-1.0.0.tgz. Extracting by manifest.
2226 silly tarball no local data for @vercel/oidc@https://registry.npmjs.org/@vercel/oidc/-/oidc-3.2.0.tgz. Extracting by manifest.
2227 silly tarball no local data for @rolldown/pluginutils@https://registry.npmjs.org/@rolldown/pluginutils/-/pluginutils-1.0.0-rc.1.tgz. Extracting by manifest.
2228 silly tarball no local data for setprototypeof@https://registry.npmjs.org/setprototypeof/-/setprototypeof-1.1.1.tgz. Extracting by manifest.
2229 silly tarball no local data for jose@https://registry.npmjs.org/jose/-/jose-6.2.3.tgz. Extracting by manifest.
2230 silly tarball no local data for safer-buffer@https://registry.npmjs.org/safer-buffer/-/safer-buffer-2.1.2.tgz. Extracting by manifest.
2231 silly tarball no local data for inherits@https://registry.npmjs.org/inherits/-/inherits-2.0.4.tgz. Extracting by manifest.
2232 silly tarball no local data for depd@https://registry.npmjs.org/depd/-/depd-1.1.2.tgz. Extracting by manifest.
2233 silly tarball no local data for unpipe@https://registry.npmjs.org/unpipe/-/unpipe-1.0.0.tgz. Extracting by manifest.
2234 silly tarball no local data for bytes@https://registry.npmjs.org/bytes/-/bytes-3.1.0.tgz. Extracting by manifest.
2235 silly tarball no local data for statuses@https://registry.npmjs.org/statuses/-/statuses-1.5.0.tgz. Extracting by manifest.
2236 silly tarball no local data for iconv-lite@https://registry.npmjs.org/iconv-lite/-/iconv-lite-0.4.24.tgz. Extracting by manifest.
2237 silly tarball no local data for http-errors@https://registry.npmjs.org/http-errors/-/http-errors-1.7.3.tgz. Extracting by manifest.
2238 silly tarball no local data for wrappy@https://registry.npmjs.org/wrappy/-/wrappy-1.0.2.tgz. Extracting by manifest.
2239 silly tarball no local data for once@https://registry.npmjs.org/once/-/once-1.4.0.tgz. Extracting by manifest.
2240 silly tarball no local data for end-of-stream@https://registry.npmjs.org/end-of-stream/-/end-of-stream-1.4.5.tgz. Extracting by manifest.
2241 silly tarball no local data for @tybys/wasm-util@https://registry.npmjs.org/@tybys/wasm-util/-/wasm-util-0.10.3.tgz. Extracting by manifest.
2242 silly tarball no local data for @emnapi/wasi-threads@https://registry.npmjs.org/@emnapi/wasi-threads/-/wasi-threads-1.2.3.tgz. Extracting by manifest.
2243 silly tarball no local data for parse-ms@https://registry.npmjs.org/parse-ms/-/parse-ms-2.1.0.tgz. Extracting by manifest.
2244 silly tarball no local data for tslib@https://registry.npmjs.org/tslib/-/tslib-2.8.1.tgz. Extracting by manifest.
2245 silly tarball no local data for lru-cache@https://registry.npmjs.org/lru-cache/-/lru-cache-11.5.2.tgz. Extracting by manifest.
2246 silly tarball no local data for @oxc-transform/binding-win32-x64-msvc@https://registry.npmjs.org/@oxc-transform/binding-win32-x64-msvc/-/binding-win32-x64-msvc-0.111.0.tgz. Extracting by manifest.
2247 silly tarball no local data for @emnapi/runtime@https://registry.npmjs.org/@emnapi/runtime/-/runtime-1.11.3.tgz. Extracting by manifest.
2248 silly tarball no local data for @emnapi/core@https://registry.npmjs.org/@emnapi/core/-/core-1.11.3.tgz. Extracting by manifest.
2249 silly tarball no local data for @napi-rs/wasm-runtime@https://registry.npmjs.org/@napi-rs/wasm-runtime/-/wasm-runtime-1.2.3.tgz. Extracting by manifest.
2250 silly tarball no local data for define-lazy-prop@https://registry.npmjs.org/define-lazy-prop/-/define-lazy-prop-2.0.0.tgz. Extracting by manifest.
2251 silly tarball no local data for is-docker@https://registry.npmjs.org/is-docker/-/is-docker-2.2.1.tgz. Extracting by manifest.
2252 silly tarball no local data for is-wsl@https://registry.npmjs.org/is-wsl/-/is-wsl-2.2.0.tgz. Extracting by manifest.
2253 silly tarball no local data for mimic-fn@https://registry.npmjs.org/mimic-fn/-/mimic-fn-2.1.0.tgz. Extracting by manifest.
2254 silly tarball no local data for @isaacs/balanced-match@https://registry.npmjs.org/@isaacs/balanced-match/-/balanced-match-4.0.1.tgz. Extracting by manifest.
2255 silly tarball no local data for whatwg-url@https://registry.npmjs.org/whatwg-url/-/whatwg-url-5.0.0.tgz. Extracting by manifest.
2256 silly tarball no local data for raw-body@https://registry.npmjs.org/raw-body/-/raw-body-2.4.1.tgz. Extracting by manifest.
2257 silly tarball no local data for abbrev@https://registry.npmjs.org/abbrev/-/abbrev-3.0.1.tgz. Extracting by manifest.
2258 silly tarball no local data for argparse@https://registry.npmjs.org/argparse/-/argparse-2.0.1.tgz. Extracting by manifest.
2259 silly tarball no local data for @isaacs/brace-expansion@https://registry.npmjs.org/@isaacs/brace-expansion/-/brace-expansion-5.0.1.tgz. Extracting by manifest.
2260 silly tarball no local data for @types/json-schema@https://registry.npmjs.org/@types/json-schema/-/json-schema-7.0.15.tgz. Extracting by manifest.
2261 silly tarball no local data for path-scurry@https://registry.npmjs.org/path-scurry/-/path-scurry-2.0.2.tgz. Extracting by manifest.
2262 silly tarball no local data for content-type@https://registry.npmjs.org/content-type/-/content-type-1.0.4.tgz. Extracting by manifest.
2263 silly tarball no local data for arg@https://registry.npmjs.org/arg/-/arg-4.1.0.tgz. Extracting by manifest.
2264 silly tarball no local data for mime-db@https://registry.npmjs.org/mime-db/-/mime-db-1.52.0.tgz. Extracting by manifest.
2265 silly tarball no local data for ts-toolbelt@https://registry.npmjs.org/ts-toolbelt/-/ts-toolbelt-6.15.5.tgz. Extracting by manifest.
2266 silly tarball no local data for agent-base@https://registry.npmjs.org/agent-base/-/agent-base-7.1.4.tgz. Extracting by manifest.
2267 silly tarball no local data for pump@https://registry.npmjs.org/pump/-/pump-3.0.4.tgz. Extracting by manifest.
2268 silly tarball no local data for minipass@https://registry.npmjs.org/minipass/-/minipass-7.1.3.tgz. Extracting by manifest.
2269 silly tarball no local data for universalify@https://registry.npmjs.org/universalify/-/universalify-2.0.1.tgz. Extracting by manifest.
2270 silly tarball no local data for jsonfile@https://registry.npmjs.org/jsonfile/-/jsonfile-6.2.1.tgz. Extracting by manifest.
2271 silly tarball no local data for shebang-command@https://registry.npmjs.org/shebang-command/-/shebang-command-2.0.0.tgz. Extracting by manifest.
2272 silly tarball no local data for strip-final-newline@https://registry.npmjs.org/strip-final-newline/-/strip-final-newline-2.0.0.tgz. Extracting by manifest.
2273 silly tarball no local data for which@https://registry.npmjs.org/which/-/which-2.0.2.tgz. Extracting by manifest.
2274 silly tarball no local data for path-key@https://registry.npmjs.org/path-key/-/path-key-3.1.1.tgz. Extracting by manifest.
2275 silly tarball no local data for p-finally@https://registry.npmjs.org/p-finally/-/p-finally-2.0.1.tgz. Extracting by manifest.
2276 silly tarball no local data for merge-stream@https://registry.npmjs.org/merge-stream/-/merge-stream-2.0.0.tgz. Extracting by manifest.
2277 silly tarball no local data for onetime@https://registry.npmjs.org/onetime/-/onetime-5.1.2.tgz. Extracting by manifest.
2278 silly tarball no local data for npm-run-path@https://registry.npmjs.org/npm-run-path/-/npm-run-path-4.0.1.tgz. Extracting by manifest.
2279 silly tarball no local data for human-signals@https://registry.npmjs.org/human-signals/-/human-signals-1.1.1.tgz. Extracting by manifest.
2280 silly tarball no local data for cross-spawn@https://registry.npmjs.org/cross-spawn/-/cross-spawn-7.0.6.tgz. Extracting by manifest.
2281 silly tarball no local data for get-stream@https://registry.npmjs.org/get-stream/-/get-stream-5.2.0.tgz. Extracting by manifest.
2282 silly tarball no local data for pretty-ms@https://registry.npmjs.org/pretty-ms/-/pretty-ms-7.0.1.tgz. Extracting by manifest.
2283 silly tarball no local data for is-stream@https://registry.npmjs.org/is-stream/-/is-stream-2.0.1.tgz. Extracting by manifest.
2284 silly tarball no local data for time-span@https://registry.npmjs.org/time-span/-/time-span-4.0.0.tgz. Extracting by manifest.
2285 silly tarball no local data for @esbuild/win32-x64@https://registry.npmjs.org/@esbuild/win32-x64/-/win32-x64-0.27.0.tgz. Extracting by manifest.
2286 silly tarball no local data for @edge-runtime/ponyfill@https://registry.npmjs.org/@edge-runtime/ponyfill/-/ponyfill-2.4.2.tgz. Extracting by manifest.
2287 silly tarball no local data for picocolors@https://registry.npmjs.org/picocolors/-/picocolors-1.0.0.tgz. Extracting by manifest.
2288 silly tarball no local data for mri@https://registry.npmjs.org/mri/-/mri-1.2.0.tgz. Extracting by manifest.
2289 silly tarball no local data for signal-exit@https://registry.npmjs.org/signal-exit/-/signal-exit-4.0.2.tgz. Extracting by manifest.
2290 silly tarball no local data for retry@https://registry.npmjs.org/retry/-/retry-0.13.1.tgz. Extracting by manifest.
2291 silly tarball no local data for readdirp@https://registry.npmjs.org/readdirp/-/readdirp-4.1.2.tgz. Extracting by manifest.
2292 silly tarball no local data for file-uri-to-path@https://registry.npmjs.org/file-uri-to-path/-/file-uri-to-path-1.0.0.tgz. Extracting by manifest.
2293 silly tarball no local data for uri-js@https://registry.npmjs.org/uri-js/-/uri-js-4.4.1.tgz. Extracting by manifest.
2294 silly tarball no local data for @edge-runtime/format@https://registry.npmjs.org/@edge-runtime/format/-/format-2.2.1.tgz. Extracting by manifest.
2295 silly tarball no local data for json-schema-traverse@https://registry.npmjs.org/json-schema-traverse/-/json-schema-traverse-1.0.0.tgz. Extracting by manifest.
2296 silly tarball no local data for require-from-string@https://registry.npmjs.org/require-from-string/-/require-from-string-2.0.2.tgz. Extracting by manifest.
2297 silly tarball no local data for fast-deep-equal@https://registry.npmjs.org/fast-deep-equal/-/fast-deep-equal-3.1.3.tgz. Extracting by manifest.
2298 silly tarball no local data for json-schema-to-ts@https://registry.npmjs.org/json-schema-to-ts/-/json-schema-to-ts-1.6.4.tgz. Extracting by manifest.
2299 silly tarball no local data for @vercel/gatsby-plugin-vercel-builder@https://registry.npmjs.org/@vercel/gatsby-plugin-vercel-builder/-/gatsby-plugin-vercel-builder-2.2.41.tgz. Extracting by manifest.
2300 silly tarball no local data for @vercel/gatsby-plugin-vercel-analytics@https://registry.npmjs.org/@vercel/gatsby-plugin-vercel-analytics/-/gatsby-plugin-vercel-analytics-1.0.12.tgz. Extracting by manifest.
2301 silly tarball no local data for ajv@https://registry.npmjs.org/ajv/-/ajv-8.6.3.tgz. Extracting by manifest.
2302 silly tarball no local data for @vercel/cli-exec@https://registry.npmjs.org/@vercel/cli-exec/-/cli-exec-1.0.1.tgz. Extracting by manifest.
2303 silly tarball no local data for @sinclair/typebox@https://registry.npmjs.org/@sinclair/typebox/-/typebox-0.25.24.tgz. Extracting by manifest.
2304 silly tarball no local data for web-vitals@https://registry.npmjs.org/web-vitals/-/web-vitals-0.2.4.tgz. Extracting by manifest.
2305 silly tarball no local data for @renovatebot/pep440@https://registry.npmjs.org/@renovatebot/pep440/-/pep440-4.2.1.tgz. Extracting by manifest.
2306 silly tarball no local data for js-yaml@https://registry.npmjs.org/js-yaml/-/js-yaml-4.1.1.tgz. Extracting by manifest.
2307 silly tarball no local data for signal-exit@https://registry.npmjs.org/signal-exit/-/signal-exit-3.0.7.tgz. Extracting by manifest.
2308 silly tarball no local data for minimatch@https://registry.npmjs.org/minimatch/-/minimatch-10.1.1.tgz. Extracting by manifest.
2309 silly tarball no local data for @bytecodealliance/preview2-shim@https://registry.npmjs.org/@bytecodealliance/preview2-shim/-/preview2-shim-0.17.6.tgz. Extracting by manifest.
2310 silly tarball no local data for undici-types@https://registry.npmjs.org/undici-types/-/undici-types-5.26.5.tgz. Extracting by manifest.
2311 silly tarball no local data for human-signals@https://registry.npmjs.org/human-signals/-/human-signals-2.1.0.tgz. Extracting by manifest.
2312 silly tarball no local data for path-to-regexp-updated@https://registry.npmjs.org/path-to-regexp/-/path-to-regexp-6.3.0.tgz. Extracting by manifest.
2313 silly tarball no local data for get-stream@https://registry.npmjs.org/get-stream/-/get-stream-6.0.1.tgz. Extracting by manifest.
2314 silly tarball no local data for execa@https://registry.npmjs.org/execa/-/execa-5.1.1.tgz. Extracting by manifest.
2315 silly tarball no local data for mime-types@https://registry.npmjs.org/mime-types/-/mime-types-2.1.35.tgz. Extracting by manifest.
2316 silly tarball no local data for typescript@https://registry.npmjs.org/typescript/-/typescript-5.9.3.tgz. Extracting by manifest.
2317 silly tarball no local data for @types/node@https://registry.npmjs.org/@types/node/-/node-20.11.0.tgz. Extracting by manifest.
2318 silly tarball no local data for etag@https://registry.npmjs.org/etag/-/etag-1.8.1.tgz. Extracting by manifest.
2319 silly tarball no local data for edge-runtime@https://registry.npmjs.org/edge-runtime/-/edge-runtime-2.5.9.tgz. Extracting by manifest.
2320 silly tarball no local data for @edge-runtime/primitives@https://registry.npmjs.org/@edge-runtime/primitives/-/primitives-4.1.0.tgz. Extracting by manifest.
2321 silly tarball no local data for @vercel/error-utils@https://registry.npmjs.org/@vercel/error-utils/-/error-utils-2.2.1.tgz. Extracting by manifest.
2322 silly tarball no local data for @edge-runtime/vm@https://registry.npmjs.org/@edge-runtime/vm/-/vm-3.2.0.tgz. Extracting by manifest.
2323 silly tarball no local data for async-listen@https://registry.npmjs.org/async-listen/-/async-listen-3.0.1.tgz. Extracting by manifest.
2324 silly tarball no local data for @edge-runtime/node-utils@https://registry.npmjs.org/@edge-runtime/node-utils/-/node-utils-2.3.0.tgz. Extracting by manifest.
2325 silly tarball no local data for @types/estree@https://registry.npmjs.org/@types/estree/-/estree-1.0.9.tgz. Extracting by manifest.
2326 silly tarball no local data for nopt@https://registry.npmjs.org/nopt/-/nopt-8.1.0.tgz. Extracting by manifest.
2327 silly tarball no local data for detect-libc@https://registry.npmjs.org/detect-libc/-/detect-libc-2.1.2.tgz. Extracting by manifest.
2328 silly tarball no local data for https-proxy-agent@https://registry.npmjs.org/https-proxy-agent/-/https-proxy-agent-7.0.6.tgz. Extracting by manifest.
2329 silly tarball no local data for resolve-from@https://registry.npmjs.org/resolve-from/-/resolve-from-5.0.0.tgz. Extracting by manifest.
2330 silly tarball no local data for glob@https://registry.npmjs.org/glob/-/glob-13.0.6.tgz. Extracting by manifest.
2331 silly tarball no local data for picomatch@https://registry.npmjs.org/picomatch/-/picomatch-4.0.5.tgz. Extracting by manifest.
2332 silly tarball no local data for consola@https://registry.npmjs.org/consola/-/consola-3.4.2.tgz. Extracting by manifest.
2333 silly tarball no local data for graceful-fs@https://registry.npmjs.org/graceful-fs/-/graceful-fs-4.2.11.tgz. Extracting by manifest.
2334 silly tarball no local data for estree-walker@https://registry.npmjs.org/estree-walker/-/estree-walker-2.0.2.tgz. Extracting by manifest.
2335 silly tarball no local data for node-gyp-build@https://registry.npmjs.org/node-gyp-build/-/node-gyp-build-4.8.4.tgz. Extracting by manifest.
2336 silly tarball no local data for bindings@https://registry.npmjs.org/bindings/-/bindings-1.5.0.tgz. Extracting by manifest.
2337 silly tarball no local data for balanced-match@https://registry.npmjs.org/balanced-match/-/balanced-match-4.0.4.tgz. Extracting by manifest.
2338 silly tarball no local data for async-sema@https://registry.npmjs.org/async-sema/-/async-sema-3.1.1.tgz. Extracting by manifest.
2339 silly tarball no local data for brace-expansion@https://registry.npmjs.org/brace-expansion/-/brace-expansion-5.0.9.tgz. Extracting by manifest.
2340 silly tarball no local data for minimatch@https://registry.npmjs.org/minimatch/-/minimatch-10.2.6.tgz. Extracting by manifest.
2341 silly tarball no local data for @mapbox/node-pre-gyp@https://registry.npmjs.org/@mapbox/node-pre-gyp/-/node-pre-gyp-2.0.3.tgz. Extracting by manifest.
2342 silly tarball no local data for acorn-import-attributes@https://registry.npmjs.org/acorn-import-attributes/-/acorn-import-attributes-1.9.5.tgz. Extracting by manifest.
2343 silly tarball no local data for acorn@https://registry.npmjs.org/acorn/-/acorn-8.18.0.tgz. Extracting by manifest.
2344 silly tarball no local data for yauzl-promise@https://registry.npmjs.org/yauzl-promise/-/yauzl-promise-2.1.3.tgz. Extracting by manifest.
2345 silly tarball no local data for uid-promise@https://registry.npmjs.org/uid-promise/-/uid-promise-1.0.0.tgz. Extracting by manifest.
2346 silly tarball no local data for @rollup/pluginutils@https://registry.npmjs.org/@rollup/pluginutils/-/pluginutils-5.4.0.tgz. Extracting by manifest.
2347 silly tarball no local data for tree-kill@https://registry.npmjs.org/tree-kill/-/tree-kill-1.2.2.tgz. Extracting by manifest.
2348 silly tarball no local data for tinyexec@https://registry.npmjs.org/tinyexec/-/tinyexec-0.3.2.tgz. Extracting by manifest.
2349 silly tarball no local data for stat-mode@https://registry.npmjs.org/stat-mode/-/stat-mode-0.3.0.tgz. Extracting by manifest.
2350 silly tarball no local data for tar@https://registry.npmjs.org/tar/-/tar-7.5.7.tgz. Extracting by manifest.
2351 silly tarball no local data for semver@https://registry.npmjs.org/semver/-/semver-7.5.4.tgz. Extracting by manifest.
2352 silly tarball no local data for stream-to-promise@https://registry.npmjs.org/stream-to-promise/-/stream-to-promise-2.2.0.tgz. Extracting by manifest.
2353 silly tarball no local data for end-of-stream@https://registry.npmjs.org/end-of-stream/-/end-of-stream-1.1.0.tgz. Extracting by manifest.
2354 silly tarball no local data for micro@https://registry.npmjs.org/micro/-/micro-9.3.5-canary.3.tgz. Extracting by manifest.
2355 silly tarball no local data for ms@https://registry.npmjs.org/ms/-/ms-2.1.1.tgz. Extracting by manifest.
2356 silly tarball no local data for once@https://registry.npmjs.org/once/-/once-1.3.3.tgz. Extracting by manifest.
2357 silly tarball no local data for promisepipe@https://registry.npmjs.org/promisepipe/-/promisepipe-3.0.0.tgz. Extracting by manifest.
2358 silly tarball no local data for node-fetch@https://registry.npmjs.org/node-fetch/-/node-fetch-2.6.7.tgz. Extracting by manifest.
2359 silly tarball no local data for generic-pool@https://registry.npmjs.org/generic-pool/-/generic-pool-3.4.2.tgz. Extracting by manifest.
2360 silly tarball no local data for debug@https://registry.npmjs.org/debug/-/debug-4.3.4.tgz. Extracting by manifest.
2361 silly tarball no local data for @vercel/cervel@https://registry.npmjs.org/@vercel/cervel/-/cervel-0.1.46.tgz. Extracting by manifest.
2362 silly tarball no local data for @tootallnate/once@https://registry.npmjs.org/@tootallnate/once/-/once-2.0.0.tgz. Extracting by manifest.
2363 silly tarball no local data for open@https://registry.npmjs.org/open/-/open-8.4.0.tgz. Extracting by manifest.
2364 silly tarball no local data for yallist@https://registry.npmjs.org/yallist/-/yallist-4.0.0.tgz. Extracting by manifest.
2365 silly tarball no local data for lru-cache@https://registry.npmjs.org/lru-cache/-/lru-cache-6.0.0.tgz. Extracting by manifest.
2366 silly tarball no local data for ms@https://registry.npmjs.org/ms/-/ms-2.1.2.tgz. Extracting by manifest.
2367 silly tarball no local data for xdg-app-paths@https://registry.npmjs.org/xdg-app-paths/-/xdg-app-paths-5.5.1.tgz. Extracting by manifest.
2368 silly tarball no local data for es-module-lexer@https://registry.npmjs.org/es-module-lexer/-/es-module-lexer-1.5.0.tgz. Extracting by manifest.
2369 silly tarball no local data for async-listen@https://registry.npmjs.org/async-listen/-/async-listen-3.0.0.tgz. Extracting by manifest.
2370 silly tarball no local data for @napi-rs/keyring-win32-x64-msvc@https://registry.npmjs.org/@napi-rs/keyring-win32-x64-msvc/-/keyring-win32-x64-msvc-1.2.0.tgz. Extracting by manifest.
2371 silly tarball no local data for cjs-module-lexer@https://registry.npmjs.org/cjs-module-lexer/-/cjs-module-lexer-1.2.3.tgz. Extracting by manifest.
2372 silly tarball no local data for throttleit@https://registry.npmjs.org/throttleit/-/throttleit-2.1.0.tgz. Extracting by manifest.
2373 silly tarball no local data for @vercel/oidc@https://registry.npmjs.org/@vercel/oidc/-/oidc-3.8.4.tgz. Extracting by manifest.
2374 silly tarball no local data for is-node-process@https://registry.npmjs.org/is-node-process/-/is-node-process-1.2.0.tgz. Extracting by manifest.
2375 silly tarball no local data for @napi-rs/keyring@https://registry.npmjs.org/@napi-rs/keyring/-/keyring-1.2.0.tgz. Extracting by manifest.
2376 silly tarball no local data for is-buffer@https://registry.npmjs.org/is-buffer/-/is-buffer-2.0.5.tgz. Extracting by manifest.
2377 silly tarball no local data for async-retry@https://registry.npmjs.org/async-retry/-/async-retry-1.3.3.tgz. Extracting by manifest.
2378 silly tarball no local data for ts-morph@https://registry.npmjs.org/ts-morph/-/ts-morph-12.0.0.tgz. Extracting by manifest.
2379 silly tarball no local data for tsx@https://registry.npmjs.org/tsx/-/tsx-4.21.0.tgz. Extracting by manifest.
2380 silly tarball no local data for srvx@https://registry.npmjs.org/srvx/-/srvx-0.11.16.tgz. Extracting by manifest.
2381 silly tarball no local data for rolldown@https://registry.npmjs.org/rolldown/-/rolldown-1.0.0-rc.1.tgz. Extracting by manifest.
2382 silly tarball no local data for resolve.exports@https://registry.npmjs.org/resolve.exports/-/resolve.exports-2.0.3.tgz. Extracting by manifest.
2383 silly tarball no local data for oxc-transform@https://registry.npmjs.org/oxc-transform/-/oxc-transform-0.111.0.tgz. Extracting by manifest.
2384 silly tarball no local data for path-to-regexp@https://registry.npmjs.org/path-to-regexp/-/path-to-regexp-8.3.0.tgz. Extracting by manifest.
2385 silly tarball no local data for @vercel/static-config@https://registry.npmjs.org/@vercel/static-config/-/static-config-3.4.1.tgz. Extracting by manifest.
2386 silly tarball no local data for fs-extra@https://registry.npmjs.org/fs-extra/-/fs-extra-11.1.0.tgz. Extracting by manifest.
2387 silly tarball no local data for get-port@https://registry.npmjs.org/get-port/-/get-port-5.1.1.tgz. Extracting by manifest.
2388 silly tarball no local data for @vercel/nft@https://registry.npmjs.org/@vercel/nft/-/nft-1.10.0.tgz. Extracting by manifest.
2389 silly tarball no local data for uuid@https://registry.npmjs.org/uuid/-/uuid-14.0.1.tgz. Extracting by manifest.
2390 silly tarball no local data for zod@https://registry.npmjs.org/zod/-/zod-4.1.11.tgz. Extracting by manifest.
2391 silly tarball no local data for signal-exit@https://registry.npmjs.org/signal-exit/-/signal-exit-3.0.7.tgz. Extracting by manifest.
2392 silly tarball no local data for execa@https://registry.npmjs.org/execa/-/execa-3.2.0.tgz. Extracting by manifest.
2393 silly tarball no local data for undici@https://registry.npmjs.org/undici/-/undici-5.29.0.tgz. Extracting by manifest.
2394 silly tarball no local data for smol-toml@https://registry.npmjs.org/smol-toml/-/smol-toml-1.5.2.tgz. Extracting by manifest.
2395 silly tarball no local data for sandbox@https://registry.npmjs.org/sandbox/-/sandbox-3.4.0.tgz. Extracting by manifest.
2396 silly tarball no local data for jsonc-parser@https://registry.npmjs.org/jsonc-parser/-/jsonc-parser-3.3.1.tgz. Extracting by manifest.
2397 silly tarball no local data for luxon@https://registry.npmjs.org/luxon/-/luxon-3.7.2.tgz. Extracting by manifest.
2398 silly tarball no local data for ms@https://registry.npmjs.org/ms/-/ms-2.1.3.tgz. Extracting by manifest.
2399 silly tarball no local data for @vercel/static-build@https://registry.npmjs.org/@vercel/static-build/-/static-build-2.12.7.tgz. Extracting by manifest.
2400 silly tarball no local data for debug@https://registry.npmjs.org/debug/-/debug-4.4.3.tgz. Extracting by manifest.
2401 silly tarball no local data for jose@https://registry.npmjs.org/jose/-/jose-5.9.6.tgz. Extracting by manifest.
2402 silly tarball no local data for esbuild@https://registry.npmjs.org/esbuild/-/esbuild-0.27.0.tgz. Extracting by manifest.
2403 silly tarball no local data for @vercel/rust@https://registry.npmjs.org/@vercel/rust/-/rust-1.4.2.tgz. Extracting by manifest.
2404 silly tarball no local data for @vercel/ruby@https://registry.npmjs.org/@vercel/ruby/-/ruby-2.5.1.tgz. Extracting by manifest.
2405 silly tarball no local data for chokidar@https://registry.npmjs.org/chokidar/-/chokidar-4.0.0.tgz. Extracting by manifest.
2406 silly tarball no local data for signal-exit@https://registry.npmjs.org/signal-exit/-/signal-exit-3.0.7.tgz. Extracting by manifest.
2407 silly tarball no local data for execa@https://registry.npmjs.org/execa/-/execa-5.1.1.tgz. Extracting by manifest.
2408 silly tarball no local data for @vercel/remix-builder@https://registry.npmjs.org/@vercel/remix-builder/-/remix-builder-5.9.5.tgz. Extracting by manifest.
2409 silly tarball no local data for get-stream@https://registry.npmjs.org/get-stream/-/get-stream-6.0.1.tgz. Extracting by manifest.
2410 silly tarball no local data for human-signals@https://registry.npmjs.org/human-signals/-/human-signals-2.1.0.tgz. Extracting by manifest.
2411 silly tarball no local data for @vercel/python-analysis@https://registry.npmjs.org/@vercel/python-analysis/-/python-analysis-0.13.2.tgz. Extracting by manifest.
2412 silly tarball no local data for @vercel/redwood@https://registry.npmjs.org/@vercel/redwood/-/redwood-2.5.2.tgz. Extracting by manifest.
2413 silly tarball no local data for @vercel/node@https://registry.npmjs.org/@vercel/node/-/node-5.10.1.tgz. Extracting by manifest.
2414 silly tarball no local data for undici@https://registry.npmjs.org/undici/-/undici-5.28.4.tgz. Extracting by manifest.
2415 silly tarball no local data for path-to-regexp@https://registry.npmjs.org/path-to-regexp/-/path-to-regexp-6.1.0.tgz. Extracting by manifest.
2416 silly tarball no local data for semver@https://registry.npmjs.org/semver/-/semver-6.3.1.tgz. Extracting by manifest.
2417 silly tarball no local data for @vercel/python@https://registry.npmjs.org/@vercel/python/-/python-6.57.1.tgz. Extracting by manifest.
2418 silly tarball no local data for @vercel/prepare-flags-definitions@https://registry.npmjs.org/@vercel/prepare-flags-definitions/-/prepare-flags-definitions-0.3.0.tgz. Extracting by manifest.
2419 silly tarball no local data for path-to-regexp@https://registry.npmjs.org/path-to-regexp/-/path-to-regexp-6.1.0.tgz. Extracting by manifest.
2420 silly tarball no local data for fs-extra@https://registry.npmjs.org/fs-extra/-/fs-extra-11.1.1.tgz. Extracting by manifest.
2421 silly tarball no local data for es-module-lexer@https://registry.npmjs.org/es-module-lexer/-/es-module-lexer-1.4.1.tgz. Extracting by manifest.
2422 silly tarball no local data for zod@https://registry.npmjs.org/zod/-/zod-3.22.4.tgz. Extracting by manifest.
2423 silly tarball no local data for @vercel/koa@https://registry.npmjs.org/@vercel/koa/-/koa-0.1.98.tgz. Extracting by manifest.
2424 silly tarball no local data for node-fetch@https://registry.npmjs.org/node-fetch/-/node-fetch-2.6.9.tgz. Extracting by manifest.
2425 silly tarball no local data for @vercel/next@https://registry.npmjs.org/@vercel/next/-/next-4.21.6.tgz. Extracting by manifest.
2426 silly tarball no local data for @vercel/nestjs@https://registry.npmjs.org/@vercel/nestjs/-/nestjs-0.2.119.tgz. Extracting by manifest.
2427 silly tarball no local data for @vercel/hydrogen@https://registry.npmjs.org/@vercel/hydrogen/-/hydrogen-1.4.2.tgz. Extracting by manifest.
2428 silly tarball no local data for @vercel/go@https://registry.npmjs.org/@vercel/go/-/go-3.11.0.tgz. Extracting by manifest.
2429 silly tarball no local data for @vercel/h3@https://registry.npmjs.org/@vercel/h3/-/h3-0.1.124.tgz. Extracting by manifest.
2430 silly tarball no local data for @vercel/hono@https://registry.npmjs.org/@vercel/hono/-/hono-0.2.118.tgz. Extracting by manifest.
2431 silly tarball no local data for @vercel/fun@https://registry.npmjs.org/@vercel/fun/-/fun-1.3.0.tgz. Extracting by manifest.
2432 silly tarball no local data for zod@https://registry.npmjs.org/zod/-/zod-3.22.4.tgz. Extracting by manifest.
2433 silly tarball no local data for @vercel/fastify@https://registry.npmjs.org/@vercel/fastify/-/fastify-0.1.118.tgz. Extracting by manifest.
2434 silly tarball no local data for @vercel/express@https://registry.npmjs.org/@vercel/express/-/express-0.1.129.tgz. Extracting by manifest.
2435 silly tarball no local data for async-listen@https://registry.npmjs.org/async-listen/-/async-listen-1.2.0.tgz. Extracting by manifest.
2436 silly tarball no local data for path-to-regexp@https://registry.npmjs.org/path-to-regexp/-/path-to-regexp-8.2.0.tgz. Extracting by manifest.
2437 silly tarball no local data for @vercel/elysia@https://registry.npmjs.org/@vercel/elysia/-/elysia-0.1.115.tgz. Extracting by manifest.
2438 silly tarball no local data for xdg-app-paths@https://registry.npmjs.org/xdg-app-paths/-/xdg-app-paths-5.1.0.tgz. Extracting by manifest.
2439 silly tarball no local data for @vercel/detect-agent@https://registry.npmjs.org/@vercel/detect-agent/-/detect-agent-1.2.5.tgz. Extracting by manifest.
2440 silly tarball no local data for @vercel/cli-config@https://registry.npmjs.org/@vercel/cli-config/-/cli-config-0.2.3.tgz. Extracting by manifest.
2441 silly tarball no local data for @vercel/container@https://registry.npmjs.org/@vercel/container/-/container-0.2.0.tgz. Extracting by manifest.
2442 silly tarball no local data for zod@https://registry.npmjs.org/zod/-/zod-3.22.4.tgz. Extracting by manifest.
2443 silly tarball no local data for @vercel/build-utils@https://registry.npmjs.org/@vercel/build-utils/-/build-utils-14.1.1.tgz. Extracting by manifest.
2444 silly tarball no local data for @vercel/cli-auth@https://registry.npmjs.org/@vercel/cli-auth/-/cli-auth-0.3.4.tgz. Extracting by manifest.
2445 silly tarball no local data for @vercel/blob@https://registry.npmjs.org/@vercel/blob/-/blob-2.8.0.tgz. Extracting by manifest.
2446 silly tarball no local data for @vercel/backends@https://registry.npmjs.org/@vercel/backends/-/backends-0.8.38.tgz. Extracting by manifest.
2447 silly tarball no local data for undici@https://registry.npmjs.org/undici/-/undici-6.28.0.tgz. Extracting by manifest.
2448 silly tarball no local data for zod@https://registry.npmjs.org/zod/-/zod-3.22.4.tgz. Extracting by manifest.
2449 http fetch GET 200 https://registry.npmjs.org/balanced-match/-/balanced-match-1.0.2.tgz 2245ms (cache miss)
2450 http fetch GET 200 https://registry.npmjs.org/pend/-/pend-1.2.0.tgz 2268ms (cache miss)
2451 http fetch GET 200 https://registry.npmjs.org/yauzl-clone/-/yauzl-clone-1.0.4.tgz 2328ms (cache miss)
2452 http fetch GET 200 https://registry.npmjs.org/concat-map/-/concat-map-0.0.1.tgz 2358ms (cache miss)
2453 http fetch GET 200 https://registry.npmjs.org/brace-expansion/-/brace-expansion-1.1.18.tgz 3456ms (cache miss)
2454 http fetch GET 200 https://registry.npmjs.org/fd-slicer/-/fd-slicer-1.1.0.tgz 3538ms (cache miss)
2455 http fetch GET 200 https://registry.npmjs.org/webidl-conversions/-/webidl-conversions-3.0.1.tgz 3927ms (cache miss)
2456 http fetch GET 200 https://registry.npmjs.org/queue-microtask/-/queue-microtask-1.2.3.tgz 4948ms (cache miss)
2457 http fetch GET 200 https://registry.npmjs.org/buffer-crc32/-/buffer-crc32-0.2.13.tgz 5327ms (cache miss)
2458 http fetch GET 200 https://registry.npmjs.org/events-intercept/-/events-intercept-2.0.0.tgz 5460ms (cache miss)
2459 http fetch GET 200 https://registry.npmjs.org/fill-range/-/fill-range-7.1.1.tgz 5539ms (cache miss)
2460 http fetch GET 200 https://registry.npmjs.org/is-glob/-/is-glob-4.0.3.tgz 5599ms (cache miss)
2461 http fetch GET 200 https://registry.npmjs.org/resolve-pkg-maps/-/resolve-pkg-maps-1.0.0.tgz 5613ms (cache miss)
2462 http fetch GET 200 https://registry.npmjs.org/reusify/-/reusify-1.1.0.tgz 5613ms (cache miss)
2463 http fetch GET 200 https://registry.npmjs.org/glob-parent/-/glob-parent-5.1.2.tgz 6829ms (cache miss)
2464 http fetch GET 200 https://registry.npmjs.org/is-number/-/is-number-7.0.0.tgz 6862ms (cache miss)
2465 http fetch GET 200 https://registry.npmjs.org/text-decoder/-/text-decoder-1.2.7.tgz 7363ms (cache miss)
2466 http fetch GET 200 https://registry.npmjs.org/bare-events/-/bare-events-2.9.1.tgz 7379ms (cache miss)
2467 http fetch GET 200 https://registry.npmjs.org/@nodelib/fs.stat/-/fs.stat-2.0.5.tgz 7387ms (cache miss)
2468 http fetch GET 200 https://registry.npmjs.org/streamx/-/streamx-2.28.0.tgz 7412ms (cache miss)
2469 http fetch GET 200 https://registry.npmjs.org/stream-to-array/-/stream-to-array-2.3.0.tgz 7473ms (cache miss)
2470 http fetch GET 200 https://registry.npmjs.org/is-extglob/-/is-extglob-2.1.1.tgz 7550ms (cache miss)
2471 http fetch GET 200 https://registry.npmjs.org/to-regex-range/-/to-regex-range-5.0.1.tgz 7719ms (cache miss)
2472 http fetch GET 200 https://registry.npmjs.org/run-parallel/-/run-parallel-1.2.0.tgz 7805ms (cache miss)
2473 http fetch GET 200 https://registry.npmjs.org/merge2/-/merge2-1.4.1.tgz 7836ms (cache miss)
2474 http fetch GET 200 https://registry.npmjs.org/yauzl/-/yauzl-2.10.0.tgz 7888ms (cache miss)
2475 http fetch GET 200 https://registry.npmjs.org/jsonlines/-/jsonlines-0.1.1.tgz 8329ms (cache miss)
2476 http fetch GET 200 https://registry.npmjs.org/picocolors/-/picocolors-1.1.1.tgz 8524ms (cache miss)
2477 http fetch GET 200 https://registry.npmjs.org/@nodelib/fs.scandir/-/fs.scandir-2.1.5.tgz 8957ms (cache miss)
2478 http fetch GET 200 https://registry.npmjs.org/inherits/-/inherits-2.0.4.tgz 9092ms (cache miss)
2479 http fetch GET 200 https://registry.npmjs.org/wrappy/-/wrappy-1.0.2.tgz 9109ms (cache miss)
2480 http fetch GET 200 https://registry.npmjs.org/bytes/-/bytes-3.1.0.tgz 9111ms (cache miss)
2481 http fetch GET 200 https://registry.npmjs.org/once/-/once-1.4.0.tgz 9118ms (cache miss)
2482 http fetch GET 200 https://registry.npmjs.org/@nodelib/fs.walk/-/fs.walk-1.2.8.tgz 9280ms (cache miss)
2483 http fetch GET 200 https://registry.npmjs.org/path-browserify/-/path-browserify-1.0.1.tgz 9330ms (cache miss)
2484 http fetch GET 200 https://registry.npmjs.org/mkdirp/-/mkdirp-1.0.4.tgz 9359ms (cache miss)
2485 http fetch GET 200 https://registry.npmjs.org/code-block-writer/-/code-block-writer-10.1.1.tgz 9357ms (cache miss)
2486 http fetch GET 200 https://registry.npmjs.org/convert-hrtime/-/convert-hrtime-3.0.0.tgz 9357ms (cache miss)
2487 http fetch GET 200 https://registry.npmjs.org/events-universal/-/events-universal-1.0.1.tgz 9425ms (cache miss)
2488 http fetch GET 200 https://registry.npmjs.org/micromatch/-/micromatch-4.0.8.tgz 9450ms (cache miss)
2489 http fetch GET 200 https://registry.npmjs.org/is-docker/-/is-docker-2.2.1.tgz 9642ms (cache miss)
2490 http fetch GET 200 https://registry.npmjs.org/@isaacs/balanced-match/-/balanced-match-4.0.1.tgz 9725ms (cache miss)
2491 http fetch GET 200 https://registry.npmjs.org/shebang-regex/-/shebang-regex-3.0.0.tgz 9760ms (cache miss)
2492 http fetch GET 200 https://registry.npmjs.org/abbrev/-/abbrev-3.0.1.tgz 9844ms (cache miss)
2493 http fetch GET 200 https://registry.npmjs.org/minimatch/-/minimatch-3.1.5.tgz 9885ms (cache miss)
2494 http fetch GET 200 https://registry.npmjs.org/content-type/-/content-type-1.0.4.tgz 9935ms (cache miss)
2495 http fetch GET 200 https://registry.npmjs.org/@types/json-schema/-/json-schema-7.0.15.tgz 9941ms (cache miss)
2496 http fetch GET 200 https://registry.npmjs.org/arg/-/arg-4.1.0.tgz 9941ms (cache miss)
2497 http fetch GET 200 https://registry.npmjs.org/ms/-/ms-2.1.3.tgz 10172ms (cache miss)
2498 http fetch GET 200 https://registry.npmjs.org/toidentifier/-/toidentifier-1.0.0.tgz 10178ms (cache miss)
2499 http fetch GET 200 https://registry.npmjs.org/@workflow/serde/-/serde-4.1.0-beta.2.tgz 10186ms (cache miss)
2500 http fetch GET 200 https://registry.npmjs.org/setprototypeof/-/setprototypeof-1.1.1.tgz 10196ms (cache miss)
2501 http fetch GET 200 https://registry.npmjs.org/pump/-/pump-3.0.4.tgz 10239ms (cache miss)
2502 http fetch GET 200 https://registry.npmjs.org/universalify/-/universalify-2.0.1.tgz 10239ms (cache miss)
2503 http fetch GET 200 https://registry.npmjs.org/jsonfile/-/jsonfile-6.2.1.tgz 10267ms (cache miss)
2504 http fetch GET 200 https://registry.npmjs.org/shebang-command/-/shebang-command-2.0.0.tgz 10269ms (cache miss)
2505 http fetch GET 200 https://registry.npmjs.org/which/-/which-2.0.2.tgz 10281ms (cache miss)
2506 http fetch GET 200 https://registry.npmjs.org/path-key/-/path-key-3.1.1.tgz 10293ms (cache miss)
2507 http fetch GET 200 https://registry.npmjs.org/end-of-stream/-/end-of-stream-1.4.5.tgz 10417ms (cache miss)
2508 http fetch GET 200 https://registry.npmjs.org/http-errors/-/http-errors-1.7.3.tgz 10432ms (cache miss)
2509 http fetch GET 200 https://registry.npmjs.org/parse-ms/-/parse-ms-2.1.0.tgz 10437ms (cache miss)
2510 http fetch GET 200 https://registry.npmjs.org/safer-buffer/-/safer-buffer-2.1.2.tgz 10460ms (cache miss)
2511 http fetch GET 200 https://registry.npmjs.org/fast-fifo/-/fast-fifo-1.3.2.tgz 10562ms (cache miss)
2512 http fetch GET 200 https://registry.npmjs.org/merge-stream/-/merge-stream-2.0.0.tgz 10704ms (cache miss)
2513 http fetch GET 200 https://registry.npmjs.org/get-stream/-/get-stream-5.2.0.tgz 10767ms (cache miss)
2514 http fetch GET 200 https://registry.npmjs.org/npm-run-path/-/npm-run-path-4.0.1.tgz 10775ms (cache miss)
2515 http fetch GET 200 https://registry.npmjs.org/is-stream/-/is-stream-2.0.1.tgz 10800ms (cache miss)
2516 http fetch GET 200 https://registry.npmjs.org/time-span/-/time-span-4.0.0.tgz 10818ms (cache miss)
2517 http fetch GET 200 https://registry.npmjs.org/is-wsl/-/is-wsl-2.2.0.tgz 10975ms (cache miss)
2518 http fetch GET 200 https://registry.npmjs.org/picocolors/-/picocolors-1.0.0.tgz 10952ms (cache miss)
2519 http fetch GET 200 https://registry.npmjs.org/@edge-runtime/ponyfill/-/ponyfill-2.4.2.tgz 10953ms (cache miss)
2520 http fetch GET 200 https://registry.npmjs.org/define-lazy-prop/-/define-lazy-prop-2.0.0.tgz 10989ms (cache miss)
2521 http fetch GET 200 https://registry.npmjs.org/raw-body/-/raw-body-2.4.1.tgz 11045ms (cache miss)
2522 http fetch GET 200 https://registry.npmjs.org/whatwg-url/-/whatwg-url-5.0.0.tgz 11061ms (cache miss)
2523 http fetch GET 200 https://registry.npmjs.org/depd/-/depd-1.1.2.tgz 11092ms (cache miss)
2524 http fetch GET 200 https://registry.npmjs.org/signal-exit/-/signal-exit-4.0.2.tgz 11121ms (cache miss)
2525 http fetch GET 200 https://registry.npmjs.org/p-finally/-/p-finally-2.0.1.tgz 11214ms (cache miss)
2526 http fetch GET 200 https://registry.npmjs.org/mimic-fn/-/mimic-fn-2.1.0.tgz 11341ms (cache miss)
2527 http fetch GET 200 https://registry.npmjs.org/readdirp/-/readdirp-4.1.2.tgz 11316ms (cache miss)
2528 http fetch GET 200 https://registry.npmjs.org/require-from-string/-/require-from-string-2.0.2.tgz 11414ms (cache miss)
2529 http fetch GET 200 https://registry.npmjs.org/fast-deep-equal/-/fast-deep-equal-3.1.3.tgz 11441ms (cache miss)
2530 http fetch GET 200 https://registry.npmjs.org/@vercel/gatsby-plugin-vercel-analytics/-/gatsby-plugin-vercel-analytics-1.0.12.tgz 11540ms (cache miss)
2531 http fetch GET 200 https://registry.npmjs.org/unpipe/-/unpipe-1.0.0.tgz 11647ms (cache miss)
2532 http fetch GET 200 https://registry.npmjs.org/onetime/-/onetime-5.1.2.tgz 12041ms (cache miss)
2533 http fetch GET 200 https://registry.npmjs.org/pretty-ms/-/pretty-ms-7.0.1.tgz 12091ms (cache miss)
2534 http fetch GET 200 https://registry.npmjs.org/async-listen/-/async-listen-3.0.1.tgz 12076ms (cache miss)
2535 http fetch GET 200 https://registry.npmjs.org/nopt/-/nopt-8.1.0.tgz 12187ms (cache miss)
2536 http fetch GET 200 https://registry.npmjs.org/mri/-/mri-1.2.0.tgz 12225ms (cache miss)
2537 http fetch GET 200 https://registry.npmjs.org/detect-libc/-/detect-libc-2.1.2.tgz 12187ms (cache miss)
2538 http fetch GET 200 https://registry.npmjs.org/file-uri-to-path/-/file-uri-to-path-1.0.0.tgz 12464ms (cache miss)
2539 http fetch GET 200 https://registry.npmjs.org/@vercel/error-utils/-/error-utils-2.2.1.tgz 12452ms (cache miss)
2540 http fetch GET 200 https://registry.npmjs.org/https-proxy-agent/-/https-proxy-agent-7.0.6.tgz 12498ms (cache miss)
2541 http fetch GET 200 https://registry.npmjs.org/@vercel/gatsby-plugin-vercel-builder/-/gatsby-plugin-vercel-builder-2.2.41.tgz 12662ms (cache miss)
2542 http fetch GET 200 https://registry.npmjs.org/node-gyp-build/-/node-gyp-build-4.8.4.tgz 12763ms (cache miss)
2543 http fetch GET 200 https://registry.npmjs.org/bindings/-/bindings-1.5.0.tgz 12792ms (cache miss)
2544 http fetch GET 200 https://registry.npmjs.org/cross-spawn/-/cross-spawn-7.0.6.tgz 12857ms (cache miss)
2545 http fetch GET 200 https://registry.npmjs.org/agent-base/-/agent-base-7.1.4.tgz 12867ms (cache miss)
2546 http fetch GET 200 https://registry.npmjs.org/balanced-match/-/balanced-match-4.0.4.tgz 12833ms (cache miss)
2547 http fetch GET 200 https://registry.npmjs.org/brace-expansion/-/brace-expansion-5.0.9.tgz 12852ms (cache miss)
2548 http fetch GET 200 https://registry.npmjs.org/async-sema/-/async-sema-3.1.1.tgz 12854ms (cache miss)
2549 http fetch GET 200 https://registry.npmjs.org/acorn-import-attributes/-/acorn-import-attributes-1.9.5.tgz 12861ms (cache miss)
2550 http fetch GET 200 https://registry.npmjs.org/strip-final-newline/-/strip-final-newline-2.0.0.tgz 12969ms (cache miss)
2551 http fetch GET 200 https://registry.npmjs.org/stat-mode/-/stat-mode-0.3.0.tgz 12902ms (cache miss)
2552 http fetch GET 200 https://registry.npmjs.org/tinyexec/-/tinyexec-0.3.2.tgz 12909ms (cache miss)
2553 http fetch GET 200 https://registry.npmjs.org/ms/-/ms-2.1.1.tgz 12914ms (cache miss)
2554 http fetch GET 200 https://registry.npmjs.org/micro/-/micro-9.3.5-canary.3.tgz 12916ms (cache miss)
2555 http fetch GET 200 https://registry.npmjs.org/stream-to-promise/-/stream-to-promise-2.2.0.tgz 12919ms (cache miss)
2556 http fetch GET 200 https://registry.npmjs.org/end-of-stream/-/end-of-stream-1.1.0.tgz 12925ms (cache miss)
2557 http fetch GET 200 https://registry.npmjs.org/once/-/once-1.3.3.tgz 12953ms (cache miss)
2558 http fetch GET 200 https://registry.npmjs.org/promisepipe/-/promisepipe-3.0.0.tgz 12955ms (cache miss)
2559 http fetch GET 200 https://registry.npmjs.org/lru-cache/-/lru-cache-6.0.0.tgz 12970ms (cache miss)
2560 http fetch GET 200 https://registry.npmjs.org/@vercel/cervel/-/cervel-0.1.46.tgz 12990ms (cache miss)
2561 http fetch GET 200 https://registry.npmjs.org/ms/-/ms-2.1.2.tgz 12997ms (cache miss)
2562 http fetch GET 200 https://registry.npmjs.org/@tootallnate/once/-/once-2.0.0.tgz 13005ms (cache miss)
2563 http fetch GET 200 https://registry.npmjs.org/xdg-app-paths/-/xdg-app-paths-5.5.1.tgz 13010ms (cache miss)
2564 http fetch GET 200 https://registry.npmjs.org/signal-exit/-/signal-exit-3.0.7.tgz 13086ms (cache miss)
2565 http fetch GET 200 https://registry.npmjs.org/throttleit/-/throttleit-2.1.0.tgz 13034ms (cache miss)
2566 http fetch GET 200 https://registry.npmjs.org/is-buffer/-/is-buffer-2.0.5.tgz 13039ms (cache miss)
2567 http fetch GET 200 https://registry.npmjs.org/async-retry/-/async-retry-1.3.3.tgz 13047ms (cache miss)
2568 http fetch GET 200 https://registry.npmjs.org/get-stream/-/get-stream-6.0.1.tgz 13110ms (cache miss)
2569 http fetch GET 200 https://registry.npmjs.org/resolve.exports/-/resolve.exports-2.0.3.tgz 13055ms (cache miss)
2570 http fetch GET 200 https://registry.npmjs.org/get-port/-/get-port-5.1.1.tgz 13144ms (cache miss)
2571 http fetch GET 200 https://registry.npmjs.org/uuid/-/uuid-14.0.1.tgz 13176ms (cache miss)
2572 http fetch GET 200 https://registry.npmjs.org/os-paths/-/os-paths-4.4.0.tgz 13372ms (cache miss)
2573 http fetch GET 200 https://registry.npmjs.org/ms/-/ms-2.1.3.tgz 13195ms (cache miss)
2574 http fetch GET 200 https://registry.npmjs.org/@types/estree/-/estree-1.0.9.tgz 13266ms (cache miss)
2575 http fetch GET 200 https://registry.npmjs.org/json-schema-traverse/-/json-schema-traverse-1.0.0.tgz 13338ms (cache miss)
2576 http fetch GET 200 https://registry.npmjs.org/punycode/-/punycode-2.3.1.tgz 13432ms (cache miss)
2577 http fetch GET 200 https://registry.npmjs.org/resolve-from/-/resolve-from-5.0.0.tgz 13321ms (cache miss)
2578 http fetch GET 200 https://registry.npmjs.org/graceful-fs/-/graceful-fs-4.2.11.tgz 13424ms (cache miss)
2579 http fetch GET 200 https://registry.npmjs.org/@vercel/rust/-/rust-1.4.2.tgz 13482ms (cache miss)
2580 warn deprecated stream-to-promise@2.2.0: Deprecated. Use node:stream/promises and node:stream/consumers instead.
2581 http fetch GET 200 https://registry.npmjs.org/xdg-portable/-/xdg-portable-7.3.0.tgz 13709ms (cache miss)
2582 http fetch GET 200 https://registry.npmjs.org/uid-promise/-/uid-promise-1.0.0.tgz 13626ms (cache miss)
2583 http fetch GET 200 https://registry.npmjs.org/yauzl-promise/-/yauzl-promise-2.1.3.tgz 13655ms (cache miss)
2584 http fetch GET 200 https://registry.npmjs.org/tree-kill/-/tree-kill-1.2.2.tgz 13659ms (cache miss)
2585 http fetch GET 200 https://registry.npmjs.org/yallist/-/yallist-4.0.0.tgz 13655ms (cache miss)
2586 http fetch GET 200 https://registry.npmjs.org/is-node-process/-/is-node-process-1.2.0.tgz 13696ms (cache miss)
2587 http fetch GET 200 https://registry.npmjs.org/signal-exit/-/signal-exit-3.0.7.tgz 13722ms (cache miss)
2588 http fetch GET 200 https://registry.npmjs.org/async-listen/-/async-listen-3.0.0.tgz 13758ms (cache miss)
2589 http fetch GET 200 https://registry.npmjs.org/signal-exit/-/signal-exit-3.0.7.tgz 13737ms (cache miss)
2590 http fetch GET 200 https://registry.npmjs.org/@vercel/koa/-/koa-0.1.98.tgz 13722ms (cache miss)
2591 http fetch GET 200 https://registry.npmjs.org/mime-types/-/mime-types-2.1.35.tgz 13824ms (cache miss)
2592 http fetch GET 200 https://registry.npmjs.org/etag/-/etag-1.8.1.tgz 13832ms (cache miss)
2593 http fetch GET 200 https://registry.npmjs.org/@vercel/nestjs/-/nestjs-0.2.119.tgz 13743ms (cache miss)
2594 http fetch GET 200 https://registry.npmjs.org/@vercel/express/-/express-0.1.129.tgz 13786ms (cache miss)
2595 http fetch GET 200 https://registry.npmjs.org/@vercel/hydrogen/-/hydrogen-1.4.2.tgz 13797ms (cache miss)
2596 http fetch GET 200 https://registry.npmjs.org/xdg-app-paths/-/xdg-app-paths-5.1.0.tgz 13787ms (cache miss)
2597 http fetch GET 200 https://registry.npmjs.org/async-listen/-/async-listen-1.2.0.tgz 13791ms (cache miss)
2598 http fetch GET 200 https://registry.npmjs.org/@vercel/hono/-/hono-0.2.118.tgz 13812ms (cache miss)
2599 http fetch GET 200 https://registry.npmjs.org/execa/-/execa-3.2.0.tgz 13904ms (cache miss)
2600 http fetch GET 200 https://registry.npmjs.org/@vercel/cli-config/-/cli-config-0.2.3.tgz 13853ms (cache miss)
2601 http fetch GET 200 https://registry.npmjs.org/@napi-rs/keyring/-/keyring-1.2.0.tgz 13924ms (cache miss)
2602 http fetch GET 200 https://registry.npmjs.org/@vercel/static-config/-/static-config-3.4.1.tgz 13952ms (cache miss)
2603 http fetch GET 200 https://registry.npmjs.org/@vercel/container/-/container-0.2.0.tgz 14030ms (cache miss)
2604 http fetch GET 200 https://registry.npmjs.org/@vercel/elysia/-/elysia-0.1.115.tgz 14044ms (cache miss)
2605 http fetch GET 200 https://registry.npmjs.org/get-stream/-/get-stream-6.0.1.tgz 14102ms (cache miss)
2606 http fetch GET 200 https://registry.npmjs.org/path-to-regexp/-/path-to-regexp-8.2.0.tgz 14131ms (cache miss)
2607 http fetch GET 200 https://registry.npmjs.org/@vercel/h3/-/h3-0.1.124.tgz 14141ms (cache miss)
2608 http fetch GET 200 https://registry.npmjs.org/@vercel/fastify/-/fastify-0.1.118.tgz 14203ms (cache miss)
2609 http fetch GET 200 https://registry.npmjs.org/statuses/-/statuses-1.5.0.tgz 14379ms (cache miss)
2610 http fetch GET 200 https://registry.npmjs.org/@vercel/redwood/-/redwood-2.5.2.tgz 14240ms (cache miss)
2611 http fetch GET 200 https://registry.npmjs.org/@oxc-project/types/-/types-0.110.0.tgz 14434ms (cache miss)
2612 http fetch GET 200 https://registry.npmjs.org/xdg-app-paths/-/xdg-app-paths-5.1.0.tgz 14435ms (cache miss)
2613 http fetch GET 200 https://registry.npmjs.org/open/-/open-8.4.0.tgz 14388ms (cache miss)
2614 http fetch GET 200 https://registry.npmjs.org/tar-stream/-/tar-stream-3.1.7.tgz 14514ms (cache miss)
2615 http fetch GET 200 https://registry.npmjs.org/isexe/-/isexe-2.0.0.tgz 14552ms (cache miss)
2616 http fetch GET 200 https://registry.npmjs.org/oxc-transform/-/oxc-transform-0.111.0.tgz 14422ms (cache miss)
2617 http fetch GET 200 https://registry.npmjs.org/path-to-regexp/-/path-to-regexp-8.3.0.tgz 14423ms (cache miss)
2618 http fetch GET 200 https://registry.npmjs.org/@vercel/detect-agent/-/detect-agent-1.2.5.tgz 14391ms (cache miss)
2619 http fetch GET 200 https://registry.npmjs.org/semver/-/semver-6.3.1.tgz 14421ms (cache miss)
2620 http fetch GET 200 https://registry.npmjs.org/mime-db/-/mime-db-1.52.0.tgz 14568ms (cache miss)
2621 http fetch GET 200 https://registry.npmjs.org/retry/-/retry-0.13.1.tgz 14594ms (cache miss)
2622 http fetch GET 200 https://registry.npmjs.org/argparse/-/argparse-2.0.1.tgz 14622ms (cache miss)
2623 http fetch GET 200 https://registry.npmjs.org/@edge-runtime/format/-/format-2.2.1.tgz 14608ms (cache miss)
2624 http fetch GET 200 https://registry.npmjs.org/get-tsconfig/-/get-tsconfig-4.14.3.tgz 14704ms (cache miss)
2625 http fetch GET 200 https://registry.npmjs.org/debug/-/debug-4.3.4.tgz 14557ms (cache miss)
2626 http fetch GET 200 https://registry.npmjs.org/debug/-/debug-4.4.3.tgz 14531ms (cache miss)
2627 http fetch GET 200 https://registry.npmjs.org/cjs-module-lexer/-/cjs-module-lexer-1.2.3.tgz 14597ms (cache miss)
2628 http fetch GET 200 https://registry.npmjs.org/esbuild/-/esbuild-0.27.0.tgz 14597ms (cache miss)
2629 http fetch GET 200 https://registry.npmjs.org/picomatch/-/picomatch-2.3.2.tgz 14793ms (cache miss)
2630 http fetch GET 200 https://registry.npmjs.org/es-module-lexer/-/es-module-lexer-1.5.0.tgz 14661ms (cache miss)
2631 http fetch GET 200 https://registry.npmjs.org/braces/-/braces-3.0.3.tgz 14826ms (cache miss)
2632 http fetch GET 200 https://registry.npmjs.org/node-fetch/-/node-fetch-2.6.7.tgz 14687ms (cache miss)
2633 http fetch GET 200 https://registry.npmjs.org/node-fetch/-/node-fetch-2.6.9.tgz 14647ms (cache miss)
2634 http fetch GET 200 https://registry.npmjs.org/path-to-regexp/-/path-to-regexp-6.3.0.tgz 14755ms (cache miss)
2635 http fetch GET 200 https://registry.npmjs.org/@vercel/ruby/-/ruby-2.5.1.tgz 14673ms (cache miss)
2636 http fetch GET 200 https://registry.npmjs.org/es-module-lexer/-/es-module-lexer-1.4.1.tgz 14660ms (cache miss)
2637 http fetch GET 200 https://registry.npmjs.org/@rollup/pluginutils/-/pluginutils-5.4.0.tgz 14795ms (cache miss)
2638 http fetch GET 200 https://registry.npmjs.org/picomatch/-/picomatch-4.0.5.tgz 14838ms (cache miss)
2639 http fetch GET 200 https://registry.npmjs.org/ts-toolbelt/-/ts-toolbelt-6.15.5.tgz 14931ms (cache miss)
2640 http fetch GET 200 https://registry.npmjs.org/@napi-rs/keyring-win32-x64-msvc/-/keyring-win32-x64-msvc-1.2.0.tgz 14839ms (cache miss)
2641 http fetch GET 200 https://registry.npmjs.org/b4a/-/b4a-1.8.1.tgz 14978ms (cache miss)
2642 http fetch GET 200 https://registry.npmjs.org/fastq/-/fastq-1.20.1.tgz 14996ms (cache miss)
2643 http fetch GET 200 https://registry.npmjs.org/@vercel/prepare-flags-definitions/-/prepare-flags-definitions-0.3.0.tgz 14813ms (cache miss)
2644 http fetch GET 200 https://registry.npmjs.org/execa/-/execa-5.1.1.tgz 14919ms (cache miss)
2645 http fetch GET 200 https://registry.npmjs.org/tslib/-/tslib-2.8.1.tgz 14995ms (cache miss)
2646 http fetch GET 200 https://registry.npmjs.org/execa/-/execa-5.1.1.tgz 14853ms (cache miss)
2647 http fetch GET 200 https://registry.npmjs.org/@vercel/remix-builder/-/remix-builder-5.9.5.tgz 14866ms (cache miss)
2648 http fetch GET 200 https://registry.npmjs.org/@vercel/python/-/python-6.57.1.tgz 15035ms (cache miss)
2649 http fetch GET 200 https://registry.npmjs.org/tr46/-/tr46-0.0.3.tgz 15244ms (cache miss)
2650 http fetch GET 200 https://registry.npmjs.org/human-signals/-/human-signals-1.1.1.tgz 15178ms (cache miss)
2651 http fetch GET 200 https://registry.npmjs.org/@renovatebot/pep440/-/pep440-4.2.1.tgz 15235ms (cache miss)
2652 http fetch GET 200 https://registry.npmjs.org/@napi-rs/wasm-runtime/-/wasm-runtime-1.2.3.tgz 15300ms (cache miss)
2653 http fetch GET 200 https://registry.npmjs.org/chownr/-/chownr-3.0.0.tgz 15332ms (cache miss)
2654 http fetch GET 200 https://registry.npmjs.org/@vercel/cli-auth/-/cli-auth-0.3.4.tgz 15125ms (cache miss)
2655 http fetch GET 200 https://registry.npmjs.org/yallist/-/yallist-5.0.0.tgz 15342ms (cache miss)
2656 http fetch GET 200 https://registry.npmjs.org/@edge-runtime/vm/-/vm-3.2.0.tgz 15255ms (cache miss)
2657 http fetch GET 200 https://registry.npmjs.org/acorn/-/acorn-8.18.0.tgz 15245ms (cache miss)
2658 http fetch GET 200 https://registry.npmjs.org/@isaacs/fs-minipass/-/fs-minipass-4.0.1.tgz 15366ms (cache miss)
2659 http fetch GET 200 https://registry.npmjs.org/human-signals/-/human-signals-2.1.0.tgz 15288ms (cache miss)
2660 http fetch GET 200 https://registry.npmjs.org/@isaacs/brace-expansion/-/brace-expansion-5.0.1.tgz 15332ms (cache miss)
2661 http fetch GET 200 https://registry.npmjs.org/@emnapi/wasi-threads/-/wasi-threads-1.2.3.tgz 15361ms (cache miss)
2662 http fetch GET 200 https://registry.npmjs.org/@rolldown/pluginutils/-/pluginutils-1.0.0-rc.1.tgz 15392ms (cache miss)
2663 http fetch GET 200 https://registry.npmjs.org/human-signals/-/human-signals-2.1.0.tgz 15243ms (cache miss)
2664 http fetch GET 200 https://registry.npmjs.org/estree-walker/-/estree-walker-2.0.2.tgz 15407ms (cache miss)
2665 http fetch GET 200 https://registry.npmjs.org/ws/-/ws-8.21.3.tgz 15555ms (cache miss)
2666 http fetch GET 200 https://registry.npmjs.org/path-to-regexp/-/path-to-regexp-6.1.0.tgz 15403ms (cache miss)
2667 http fetch GET 200 https://registry.npmjs.org/path-to-regexp/-/path-to-regexp-6.1.0.tgz 15406ms (cache miss)
2668 http fetch GET 200 https://registry.npmjs.org/minipass/-/minipass-7.1.3.tgz 15568ms (cache miss)
2669 http fetch GET 200 https://registry.npmjs.org/chokidar/-/chokidar-4.0.0.tgz 15474ms (cache miss)
2670 http fetch GET 200 https://registry.npmjs.org/@emnapi/runtime/-/runtime-1.11.3.tgz 15651ms (cache miss)
2671 http fetch GET 200 https://registry.npmjs.org/path-scurry/-/path-scurry-2.0.2.tgz 15684ms (cache miss)
2672 http fetch GET 200 https://registry.npmjs.org/@edge-runtime/node-utils/-/node-utils-2.3.0.tgz 15733ms (cache miss)
2673 http fetch GET 200 https://registry.npmjs.org/ts-morph/-/ts-morph-12.0.0.tgz 15708ms (cache miss)
2674 http fetch GET 200 https://registry.npmjs.org/smol-toml/-/smol-toml-1.5.2.tgz 15694ms (cache miss)
2675 http fetch GET 200 https://registry.npmjs.org/undici-types/-/undici-types-5.26.5.tgz 15860ms (cache miss)
2676 http fetch GET 200 https://registry.npmjs.org/@fastify/busboy/-/busboy-2.1.1.tgz 15999ms (cache miss)
2677 http fetch GET 200 https://registry.npmjs.org/@vercel/static-build/-/static-build-2.12.7.tgz 15888ms (cache miss)
2678 http fetch GET 200 https://registry.npmjs.org/minizlib/-/minizlib-3.1.0.tgz 16075ms (cache miss)
2679 http fetch GET 200 https://registry.npmjs.org/@vercel/next/-/next-4.21.6.tgz 15940ms (cache miss)
2680 http fetch GET 200 https://registry.npmjs.org/jsonc-parser/-/jsonc-parser-3.3.1.tgz 15970ms (cache miss)
2681 http fetch GET 200 https://registry.npmjs.org/any-promise/-/any-promise-1.3.0.tgz 16188ms (cache miss)
2682 http fetch GET 200 https://registry.npmjs.org/generic-pool/-/generic-pool-3.4.2.tgz 16352ms (cache miss)
2683 http fetch GET 200 https://registry.npmjs.org/@vercel/cli-exec/-/cli-exec-1.0.1.tgz 16584ms (cache miss)
2684 http fetch GET 200 https://registry.npmjs.org/@vercel/blob/-/blob-2.8.0.tgz 16457ms (cache miss)
2685 http fetch GET 200 https://registry.npmjs.org/@vercel/oidc/-/oidc-3.2.0.tgz 16869ms (cache miss)
2686 http fetch GET 200 https://registry.npmjs.org/fs-extra/-/fs-extra-11.1.1.tgz 16783ms (cache miss)
2687 http fetch GET 200 https://registry.npmjs.org/fs-extra/-/fs-extra-11.1.0.tgz 16818ms (cache miss)
2688 http fetch GET 200 https://registry.npmjs.org/@emnapi/core/-/core-1.11.3.tgz 16948ms (cache miss)
2689 http fetch GET 200 https://registry.npmjs.org/iconv-lite/-/iconv-lite-0.4.24.tgz 17003ms (cache miss)
2690 http fetch GET 200 https://registry.npmjs.org/@vercel/node/-/node-5.10.1.tgz 16881ms (cache miss)
2691 http fetch GET 200 https://registry.npmjs.org/consola/-/consola-3.4.2.tgz 17068ms (cache miss)
2692 http fetch GET 200 https://registry.npmjs.org/@edge-runtime/primitives/-/primitives-4.1.0.tgz 17083ms (cache miss)
2693 http fetch GET 200 https://registry.npmjs.org/@vercel/backends/-/backends-0.8.38.tgz 16957ms (cache miss)
2694 http fetch GET 200 https://registry.npmjs.org/js-yaml/-/js-yaml-4.1.1.tgz 17125ms (cache miss)
2695 http fetch GET 200 https://registry.npmjs.org/srvx/-/srvx-0.11.16.tgz 17093ms (cache miss)
2696 http fetch GET 200 https://registry.npmjs.org/@mapbox/node-pre-gyp/-/node-pre-gyp-2.0.3.tgz 17160ms (cache miss)
2697 http fetch GET 200 https://registry.npmjs.org/sandbox/-/sandbox-3.4.0.tgz 17114ms (cache miss)
2698 http fetch GET 200 https://registry.npmjs.org/edge-runtime/-/edge-runtime-2.5.9.tgz 17239ms (cache miss)
2699 http fetch GET 200 https://registry.npmjs.org/semver/-/semver-7.5.4.tgz 17322ms (cache miss)
2700 http fetch GET 200 https://registry.npmjs.org/@oxc-transform/binding-win32-x64-msvc/-/binding-win32-x64-msvc-0.111.0.tgz 17505ms (cache miss)
2701 http fetch GET 200 https://registry.npmjs.org/web-vitals/-/web-vitals-0.2.4.tgz 17496ms (cache miss)
2702 http fetch GET 200 https://registry.npmjs.org/@vercel/nft/-/nft-1.10.0.tgz 17432ms (cache miss)
2703 http fetch GET 200 https://registry.npmjs.org/rolldown/-/rolldown-1.0.0-rc.1.tgz 17481ms (cache miss)
2704 http fetch GET 200 https://registry.npmjs.org/tsx/-/tsx-4.21.0.tgz 17589ms (cache miss)
2705 http fetch GET 200 https://registry.npmjs.org/zod/-/zod-3.22.4.tgz 17554ms (cache miss)
2706 http fetch GET 200 https://registry.npmjs.org/zod/-/zod-3.22.4.tgz 17551ms (cache miss)
2707 http fetch GET 200 https://registry.npmjs.org/zod/-/zod-3.22.4.tgz 17528ms (cache miss)
2708 http fetch GET 200 https://registry.npmjs.org/zod/-/zod-3.22.4.tgz 17540ms (cache miss)
2709 http fetch GET 200 https://registry.npmjs.org/@vercel/oidc/-/oidc-3.8.4.tgz 17614ms (cache miss)
2710 http fetch GET 200 https://registry.npmjs.org/@sinclair/typebox/-/typebox-0.25.24.tgz 17698ms (cache miss)
2711 http fetch GET 200 https://registry.npmjs.org/@tybys/wasm-util/-/wasm-util-0.10.3.tgz 17781ms (cache miss)
2712 http fetch GET 200 https://registry.npmjs.org/uri-js/-/uri-js-4.4.1.tgz 17828ms (cache miss)
2713 http fetch GET 200 https://registry.npmjs.org/fast-glob/-/fast-glob-3.3.3.tgz 17940ms (cache miss)
2714 http fetch GET 200 https://registry.npmjs.org/minimatch/-/minimatch-10.1.1.tgz 17866ms (cache miss)
2715 http fetch GET 200 https://registry.npmjs.org/minimatch/-/minimatch-10.2.6.tgz 17846ms (cache miss)
2716 http fetch GET 200 https://registry.npmjs.org/@bytecodealliance/preview2-shim/-/preview2-shim-0.17.6.tgz 18220ms (cache miss)
2717 http fetch GET 200 https://registry.npmjs.org/json-schema-to-ts/-/json-schema-to-ts-1.6.4.tgz 18307ms (cache miss)
2718 http fetch GET 200 https://registry.npmjs.org/glob/-/glob-13.0.6.tgz 18350ms (cache miss)
2719 http fetch GET 200 https://registry.npmjs.org/luxon/-/luxon-3.7.2.tgz 18336ms (cache miss)
2720 http fetch GET 200 https://registry.npmjs.org/@vercel/python-analysis/-/python-analysis-0.13.2.tgz 18408ms (cache miss)
2721 http fetch GET 200 https://registry.npmjs.org/@ts-morph/common/-/common-0.11.1.tgz 18783ms (cache miss)
2722 http fetch GET 200 https://registry.npmjs.org/@esbuild/win32-x64/-/win32-x64-0.27.0.tgz 18848ms (cache miss)
2723 http fetch GET 200 https://registry.npmjs.org/@types/node/-/node-20.11.0.tgz 19347ms (cache miss)
2724 http fetch GET 200 https://registry.npmjs.org/jose/-/jose-6.2.3.tgz 19440ms (cache miss)
2725 http fetch GET 200 https://registry.npmjs.org/@vercel/go/-/go-3.11.0.tgz 19409ms (cache miss)
2726 http fetch GET 200 https://registry.npmjs.org/lru-cache/-/lru-cache-11.5.2.tgz 19626ms (cache miss)
2727 http fetch GET 200 https://registry.npmjs.org/undici/-/undici-5.28.4.tgz 19806ms (cache miss)
2728 http fetch GET 200 https://registry.npmjs.org/undici/-/undici-5.29.0.tgz 19838ms (cache miss)
2729 http fetch GET 200 https://registry.npmjs.org/@vercel/build-utils/-/build-utils-14.1.1.tgz 19817ms (cache miss)
2730 http fetch GET 200 https://registry.npmjs.org/@vercel/fun/-/fun-1.3.0.tgz 19947ms (cache miss)
2731 http fetch GET 200 https://registry.npmjs.org/undici/-/undici-6.28.0.tgz 20186ms (cache miss)
2732 http fetch GET 200 https://registry.npmjs.org/@rolldown/binding-win32-x64-msvc/-/binding-win32-x64-msvc-1.0.0-rc.1.tgz 20402ms (cache miss)
2733 http fetch GET 200 https://registry.npmjs.org/@vercel/sandbox/-/sandbox-2.4.0.tgz 20444ms (cache miss)
2734 http fetch GET 200 https://registry.npmjs.org/undici/-/undici-7.29.0.tgz 20705ms (cache miss)
2735 http fetch GET 200 https://registry.npmjs.org/tar/-/tar-7.5.7.tgz 20656ms (cache miss)
2736 warn deprecated tar@7.5.7: Old versions of tar are not supported, and contain widely publicized security vulnerabilities, which have been fixed in the current version. Please update. Support for old versions may be purchased (at exorbitant rates) by contacting i@izs.me
2737 http fetch GET 200 https://registry.npmjs.org/vercel/-/vercel-59.1.4.tgz 20901ms (cache miss)
2738 http fetch GET 200 https://registry.npmjs.org/typescript/-/typescript-5.9.3.tgz 21014ms (cache miss)
2739 http fetch GET 200 https://registry.npmjs.org/jose/-/jose-5.9.6.tgz 21175ms (cache miss)
2740 http fetch GET 200 https://registry.npmjs.org/ajv/-/ajv-8.6.3.tgz 21648ms (cache miss)
2741 http fetch GET 200 https://registry.npmjs.org/zod/-/zod-4.1.11.tgz 22110ms (cache miss)
2742 info run esbuild@0.27.0 postinstall node_modules/vercel/node_modules/esbuild node install.js
2743 info run esbuild@0.27.0 postinstall { code: 0, signal: null }
2744 silly ADD node_modules/vercel
2745 silly ADD node_modules/vercel/node_modules/concat-map
2746 silly ADD node_modules/vercel/node_modules/balanced-match
2747 silly ADD node_modules/vercel/node_modules/brace-expansion
2748 silly ADD node_modules/vercel/node_modules/events-intercept
2749 silly ADD node_modules/vercel/node_modules/pend
2750 silly ADD node_modules/vercel/node_modules/fd-slicer
2751 silly ADD node_modules/vercel/node_modules/buffer-crc32
2752 silly ADD node_modules/vercel/node_modules/yauzl-clone
2753 silly ADD node_modules/vercel/node_modules/yauzl
2754 silly ADD node_modules/vercel/node_modules/xdg-portable
2755 silly ADD node_modules/vercel/node_modules/os-paths
2756 silly ADD node_modules/vercel/node_modules/isexe
2757 silly ADD node_modules/vercel/node_modules/webidl-conversions
2758 silly ADD node_modules/vercel/node_modules/tr46
2759 silly ADD node_modules/vercel/node_modules/punycode
2760 silly ADD node_modules/vercel/node_modules/@fastify/busboy
2761 silly ADD node_modules/vercel/node_modules/resolve-pkg-maps
2762 silly ADD node_modules/vercel/node_modules/get-tsconfig
2763 silly ADD node_modules/vercel/node_modules/is-number
2764 silly ADD node_modules/vercel/node_modules/queue-microtask
2765 silly ADD node_modules/vercel/node_modules/to-regex-range
2766 silly ADD node_modules/vercel/node_modules/fill-range
2767 silly ADD node_modules/vercel/node_modules/braces
2768 silly ADD node_modules/vercel/node_modules/is-extglob
2769 silly ADD node_modules/vercel/node_modules/is-glob
2770 silly ADD node_modules/vercel/node_modules/reusify
2771 silly ADD node_modules/vercel/node_modules/run-parallel
2772 silly ADD node_modules/vercel/node_modules/fastq
2773 silly ADD node_modules/vercel/node_modules/@nodelib/fs.scandir
2774 silly ADD node_modules/vercel/node_modules/micromatch
2775 silly ADD node_modules/vercel/node_modules/micromatch/node_modules/picomatch
2776 silly ADD node_modules/vercel/node_modules/merge2
2777 silly ADD node_modules/vercel/node_modules/glob-parent
2778 silly ADD node_modules/vercel/node_modules/@nodelib/fs.walk
2779 silly ADD node_modules/vercel/node_modules/@nodelib/fs.stat
2780 silly ADD node_modules/vercel/node_modules/path-browserify
2781 silly ADD node_modules/vercel/node_modules/mkdirp
2782 silly ADD node_modules/vercel/node_modules/fast-glob
2783 silly ADD node_modules/vercel/node_modules/code-block-writer
2784 silly ADD node_modules/vercel/node_modules/@ts-morph/common
2785 silly ADD node_modules/vercel/node_modules/@ts-morph/common/node_modules/minimatch
2786 silly ADD node_modules/vercel/node_modules/convert-hrtime
2787 silly ADD node_modules/vercel/node_modules/bare-events
2788 silly ADD node_modules/vercel/node_modules/text-decoder
2789 silly ADD node_modules/vercel/node_modules/events-universal
2790 silly ADD node_modules/vercel/node_modules/streamx
2791 silly ADD node_modules/vercel/node_modules/fast-fifo
2792 silly ADD node_modules/vercel/node_modules/b4a
2793 silly ADD node_modules/vercel/node_modules/yallist
2794 silly ADD node_modules/vercel/node_modules/minizlib
2795 silly ADD node_modules/vercel/node_modules/chownr
2796 silly ADD node_modules/vercel/node_modules/@isaacs/fs-minipass
2797 silly ADD node_modules/vercel/node_modules/stream-to-array
2798 silly ADD node_modules/vercel/node_modules/any-promise
2799 silly ADD node_modules/vercel/node_modules/shebang-regex
2800 silly ADD node_modules/vercel/node_modules/tar-stream
2801 silly ADD node_modules/vercel/node_modules/jsonlines
2802 silly ADD node_modules/vercel/node_modules/@workflow/serde
2803 silly ADD node_modules/vercel/node_modules/ws
2804 silly ADD node_modules/vercel/node_modules/@vercel/sandbox
2805 silly ADD node_modules/vercel/node_modules/@vercel/sandbox/node_modules/xdg-app-paths
2806 silly ADD node_modules/vercel/node_modules/@vercel/sandbox/node_modules/undici
2807 silly ADD node_modules/vercel/node_modules/@vercel/sandbox/node_modules/picocolors
2808 silly ADD node_modules/vercel/node_modules/@vercel/sandbox/node_modules/ms
2809 silly ADD node_modules/vercel/node_modules/@vercel/sandbox/node_modules/jose
2810 silly ADD node_modules/vercel/node_modules/@vercel/sandbox/node_modules/@vercel/oidc
2811 silly ADD node_modules/vercel/node_modules/@rolldown/pluginutils
2812 silly ADD node_modules/vercel/node_modules/@rolldown/binding-win32-x64-msvc
2813 silly ADD node_modules/vercel/node_modules/@oxc-project/types
2814 silly ADD node_modules/vercel/node_modules/safer-buffer
2815 silly ADD node_modules/vercel/node_modules/toidentifier
2816 silly ADD node_modules/vercel/node_modules/statuses
2817 silly ADD node_modules/vercel/node_modules/setprototypeof
2818 silly ADD node_modules/vercel/node_modules/inherits
2819 silly ADD node_modules/vercel/node_modules/depd
2820 silly ADD node_modules/vercel/node_modules/unpipe
2821 silly ADD node_modules/vercel/node_modules/iconv-lite
2822 silly ADD node_modules/vercel/node_modules/http-errors
2823 silly ADD node_modules/vercel/node_modules/bytes
2824 silly ADD node_modules/vercel/node_modules/wrappy
2825 silly ADD node_modules/vercel/node_modules/once
2826 silly ADD node_modules/vercel/node_modules/end-of-stream
2827 silly ADD node_modules/vercel/node_modules/parse-ms
2828 silly ADD node_modules/vercel/node_modules/lru-cache
2829 silly ADD node_modules/vercel/node_modules/@tybys/wasm-util
2830 silly ADD node_modules/vercel/node_modules/tslib
2831 silly ADD node_modules/vercel/node_modules/@emnapi/wasi-threads
2832 silly ADD node_modules/vercel/node_modules/@emnapi/runtime
2833 silly ADD node_modules/vercel/node_modules/@emnapi/core
2834 silly ADD node_modules/vercel/node_modules/@napi-rs/wasm-runtime
2835 silly ADD node_modules/vercel/node_modules/@oxc-transform/binding-win32-x64-msvc
2836 silly ADD node_modules/vercel/node_modules/is-wsl
2837 silly ADD node_modules/vercel/node_modules/is-docker
2838 silly ADD node_modules/vercel/node_modules/define-lazy-prop
2839 silly ADD node_modules/vercel/node_modules/mimic-fn
2840 silly ADD node_modules/vercel/node_modules/abbrev
2841 silly ADD node_modules/vercel/node_modules/whatwg-url
2842 silly ADD node_modules/vercel/node_modules/@isaacs/balanced-match
2843 silly ADD node_modules/vercel/node_modules/@isaacs/brace-expansion
2844 silly ADD node_modules/vercel/node_modules/mime-db
2845 silly ADD node_modules/vercel/node_modules/raw-body
2846 silly ADD node_modules/vercel/node_modules/content-type
2847 silly ADD node_modules/vercel/node_modules/arg
2848 silly ADD node_modules/vercel/node_modules/ts-toolbelt
2849 silly ADD node_modules/vercel/node_modules/@types/json-schema
2850 silly ADD node_modules/vercel/node_modules/argparse
2851 silly ADD node_modules/vercel/node_modules/agent-base
2852 silly ADD node_modules/vercel/node_modules/path-scurry
2853 silly ADD node_modules/vercel/node_modules/minipass
2854 silly ADD node_modules/vercel/node_modules/pump
2855 silly ADD node_modules/vercel/node_modules/universalify
2856 silly ADD node_modules/vercel/node_modules/jsonfile
2857 silly ADD node_modules/vercel/node_modules/which
2858 silly ADD node_modules/vercel/node_modules/shebang-command
2859 silly ADD node_modules/vercel/node_modules/path-key
2860 silly ADD node_modules/vercel/node_modules/strip-final-newline
2861 silly ADD node_modules/vercel/node_modules/p-finally
2862 silly ADD node_modules/vercel/node_modules/onetime
2863 silly ADD node_modules/vercel/node_modules/npm-run-path
2864 silly ADD node_modules/vercel/node_modules/merge-stream
2865 silly ADD node_modules/vercel/node_modules/is-stream
2866 silly ADD node_modules/vercel/node_modules/human-signals
2867 silly ADD node_modules/vercel/node_modules/get-stream
2868 silly ADD node_modules/vercel/node_modules/cross-spawn
2869 silly ADD node_modules/vercel/node_modules/@esbuild/win32-x64
2870 silly ADD node_modules/vercel/node_modules/time-span
2871 silly ADD node_modules/vercel/node_modules/signal-exit
2872 silly ADD node_modules/vercel/node_modules/pretty-ms
2873 silly ADD node_modules/vercel/node_modules/picocolors
2874 silly ADD node_modules/vercel/node_modules/mri
2875 silly ADD node_modules/vercel/node_modules/@edge-runtime/ponyfill
2876 silly ADD node_modules/vercel/node_modules/@edge-runtime/format
2877 silly ADD node_modules/vercel/node_modules/readdirp
2878 silly ADD node_modules/vercel/node_modules/file-uri-to-path
2879 silly ADD node_modules/vercel/node_modules/retry
2880 silly ADD node_modules/vercel/node_modules/uri-js
2881 silly ADD node_modules/vercel/node_modules/require-from-string
2882 silly ADD node_modules/vercel/node_modules/json-schema-traverse
2883 silly ADD node_modules/vercel/node_modules/fast-deep-equal
2884 silly ADD node_modules/vercel/node_modules/json-schema-to-ts
2885 silly ADD node_modules/vercel/node_modules/ajv
2886 silly ADD node_modules/vercel/node_modules/@sinclair/typebox
2887 silly ADD node_modules/vercel/node_modules/web-vitals
2888 silly ADD node_modules/vercel/node_modules/@vercel/gatsby-plugin-vercel-builder
2889 silly ADD node_modules/vercel/node_modules/@vercel/gatsby-plugin-vercel-analytics
2890 silly ADD node_modules/vercel/node_modules/minimatch
2891 silly ADD node_modules/vercel/node_modules/js-yaml
2892 silly ADD node_modules/vercel/node_modules/@renovatebot/pep440
2893 silly ADD node_modules/vercel/node_modules/@bytecodealliance/preview2-shim
2894 silly ADD node_modules/vercel/node_modules/@vercel/cli-exec
2895 silly ADD node_modules/vercel/node_modules/@vercel/cli-exec/node_modules/signal-exit
2896 silly ADD node_modules/vercel/node_modules/@vercel/cli-exec/node_modules/human-signals
2897 silly ADD node_modules/vercel/node_modules/@vercel/cli-exec/node_modules/get-stream
2898 silly ADD node_modules/vercel/node_modules/@vercel/cli-exec/node_modules/execa
2899 silly ADD node_modules/vercel/node_modules/undici-types
2900 silly ADD node_modules/vercel/node_modules/typescript
2901 silly ADD node_modules/vercel/node_modules/path-to-regexp-updated
2902 silly ADD node_modules/vercel/node_modules/mime-types
2903 silly ADD node_modules/vercel/node_modules/etag
2904 silly ADD node_modules/vercel/node_modules/edge-runtime
2905 silly ADD node_modules/vercel/node_modules/edge-runtime/node_modules/async-listen
2906 silly ADD node_modules/vercel/node_modules/@vercel/error-utils
2907 silly ADD node_modules/vercel/node_modules/@types/node
2908 silly ADD node_modules/vercel/node_modules/@edge-runtime/vm
2909 silly ADD node_modules/vercel/node_modules/@edge-runtime/primitives
2910 silly ADD node_modules/vercel/node_modules/@edge-runtime/node-utils
2911 silly ADD node_modules/vercel/node_modules/@types/estree
2912 silly ADD node_modules/vercel/node_modules/nopt
2913 silly ADD node_modules/vercel/node_modules/https-proxy-agent
2914 silly ADD node_modules/vercel/node_modules/detect-libc
2915 silly ADD node_modules/vercel/node_modules/consola
2916 silly ADD node_modules/vercel/node_modules/resolve-from
2917 silly ADD node_modules/vercel/node_modules/picomatch
2918 silly ADD node_modules/vercel/node_modules/node-gyp-build
2919 silly ADD node_modules/vercel/node_modules/graceful-fs
2920 silly ADD node_modules/vercel/node_modules/glob
2921 silly ADD node_modules/vercel/node_modules/glob/node_modules/balanced-match
2922 silly ADD node_modules/vercel/node_modules/glob/node_modules/brace-expansion
2923 silly ADD node_modules/vercel/node_modules/glob/node_modules/minimatch
2924 silly ADD node_modules/vercel/node_modules/estree-walker
2925 silly ADD node_modules/vercel/node_modules/bindings
2926 silly ADD node_modules/vercel/node_modules/async-sema
2927 silly ADD node_modules/vercel/node_modules/acorn-import-attributes
2928 silly ADD node_modules/vercel/node_modules/acorn
2929 silly ADD node_modules/vercel/node_modules/@rollup/pluginutils
2930 silly ADD node_modules/vercel/node_modules/@mapbox/node-pre-gyp
2931 silly ADD node_modules/vercel/node_modules/yauzl-promise
2932 silly ADD node_modules/vercel/node_modules/uid-promise
2933 silly ADD node_modules/vercel/node_modules/tree-kill
2934 silly ADD node_modules/vercel/node_modules/tinyexec
2935 silly ADD node_modules/vercel/node_modules/tar
2936 silly ADD node_modules/vercel/node_modules/stream-to-promise
2937 silly ADD node_modules/vercel/node_modules/stream-to-promise/node_modules/once
2938 silly ADD node_modules/vercel/node_modules/stream-to-promise/node_modules/end-of-stream
2939 silly ADD node_modules/vercel/node_modules/stat-mode
2940 silly ADD node_modules/vercel/node_modules/semver
2941 silly ADD node_modules/vercel/node_modules/semver/node_modules/yallist
2942 silly ADD node_modules/vercel/node_modules/semver/node_modules/lru-cache
2943 silly ADD node_modules/vercel/node_modules/promisepipe
2944 silly ADD node_modules/vercel/node_modules/node-fetch
2945 silly ADD node_modules/vercel/node_modules/ms
2946 silly ADD node_modules/vercel/node_modules/micro
2947 silly ADD node_modules/vercel/node_modules/generic-pool
2948 silly ADD node_modules/vercel/node_modules/debug
2949 silly ADD node_modules/vercel/node_modules/debug/node_modules/ms
2950 silly ADD node_modules/vercel/node_modules/@tootallnate/once
2951 silly ADD node_modules/vercel/node_modules/@vercel/cervel
2952 silly ADD node_modules/vercel/node_modules/xdg-app-paths
2953 silly ADD node_modules/vercel/node_modules/@napi-rs/keyring-win32-x64-msvc
2954 silly ADD node_modules/vercel/node_modules/open
2955 silly ADD node_modules/vercel/node_modules/async-listen
2956 silly ADD node_modules/vercel/node_modules/@napi-rs/keyring
2957 silly ADD node_modules/vercel/node_modules/es-module-lexer
2958 silly ADD node_modules/vercel/node_modules/cjs-module-lexer
2959 silly ADD node_modules/vercel/node_modules/throttleit
2960 silly ADD node_modules/vercel/node_modules/is-node-process
2961 silly ADD node_modules/vercel/node_modules/is-buffer
2962 silly ADD node_modules/vercel/node_modules/async-retry
2963 silly ADD node_modules/vercel/node_modules/@vercel/oidc
2964 silly ADD node_modules/vercel/node_modules/tsx
2965 silly ADD node_modules/vercel/node_modules/ts-morph
2966 silly ADD node_modules/vercel/node_modules/srvx
2967 silly ADD node_modules/vercel/node_modules/rolldown
2968 silly ADD node_modules/vercel/node_modules/resolve.exports
2969 silly ADD node_modules/vercel/node_modules/path-to-regexp
2970 silly ADD node_modules/vercel/node_modules/oxc-transform
2971 silly ADD node_modules/vercel/node_modules/get-port
2972 silly ADD node_modules/vercel/node_modules/fs-extra
2973 silly ADD node_modules/vercel/node_modules/execa
2974 silly ADD node_modules/vercel/node_modules/execa/node_modules/signal-exit
2975 silly ADD node_modules/vercel/node_modules/@vercel/static-config
2976 silly ADD node_modules/vercel/node_modules/@vercel/nft
2977 silly ADD node_modules/vercel/node_modules/zod
2978 silly ADD node_modules/vercel/node_modules/uuid
2979 silly ADD node_modules/vercel/node_modules/undici
2980 silly ADD node_modules/vercel/node_modules/smol-toml
2981 silly ADD node_modules/vercel/node_modules/sandbox
2982 silly ADD node_modules/vercel/node_modules/sandbox/node_modules/ms
2983 silly ADD node_modules/vercel/node_modules/sandbox/node_modules/debug
2984 silly ADD node_modules/vercel/node_modules/luxon
2985 silly ADD node_modules/vercel/node_modules/jsonc-parser
2986 silly ADD node_modules/vercel/node_modules/jose
2987 silly ADD node_modules/vercel/node_modules/esbuild
2988 silly ADD node_modules/vercel/node_modules/chokidar
2989 silly ADD node_modules/vercel/node_modules/@vercel/static-build
2990 silly ADD node_modules/vercel/node_modules/@vercel/rust
2991 silly ADD node_modules/vercel/node_modules/@vercel/rust/node_modules/signal-exit
2992 silly ADD node_modules/vercel/node_modules/@vercel/rust/node_modules/human-signals
2993 silly ADD node_modules/vercel/node_modules/@vercel/rust/node_modules/get-stream
2994 silly ADD node_modules/vercel/node_modules/@vercel/rust/node_modules/execa
2995 silly ADD node_modules/vercel/node_modules/@vercel/ruby
2996 silly ADD node_modules/vercel/node_modules/@vercel/remix-builder
2997 silly ADD node_modules/vercel/node_modules/@vercel/remix-builder/node_modules/path-to-regexp
2998 silly ADD node_modules/vercel/node_modules/@vercel/redwood
2999 silly ADD node_modules/vercel/node_modules/@vercel/redwood/node_modules/semver
3000 silly ADD node_modules/vercel/node_modules/@vercel/python-analysis
3001 silly ADD node_modules/vercel/node_modules/@vercel/python-analysis/node_modules/zod
3002 silly ADD node_modules/vercel/node_modules/@vercel/python-analysis/node_modules/fs-extra
3003 silly ADD node_modules/vercel/node_modules/@vercel/python
3004 silly ADD node_modules/vercel/node_modules/@vercel/prepare-flags-definitions
3005 silly ADD node_modules/vercel/node_modules/@vercel/node
3006 silly ADD node_modules/vercel/node_modules/@vercel/node/node_modules/undici
3007 silly ADD node_modules/vercel/node_modules/@vercel/node/node_modules/path-to-regexp
3008 silly ADD node_modules/vercel/node_modules/@vercel/node/node_modules/node-fetch
3009 silly ADD node_modules/vercel/node_modules/@vercel/node/node_modules/es-module-lexer
3010 silly ADD node_modules/vercel/node_modules/@vercel/next
3011 silly ADD node_modules/vercel/node_modules/@vercel/nestjs
3012 silly ADD node_modules/vercel/node_modules/@vercel/koa
3013 silly ADD node_modules/vercel/node_modules/@vercel/hydrogen
3014 silly ADD node_modules/vercel/node_modules/@vercel/hono
3015 silly ADD node_modules/vercel/node_modules/@vercel/hono/node_modules/zod
3016 silly ADD node_modules/vercel/node_modules/@vercel/h3
3017 silly ADD node_modules/vercel/node_modules/@vercel/go
3018 silly ADD node_modules/vercel/node_modules/@vercel/fun
3019 silly ADD node_modules/vercel/node_modules/@vercel/fun/node_modules/xdg-app-paths
3020 silly ADD node_modules/vercel/node_modules/@vercel/fun/node_modules/path-to-regexp
3021 silly ADD node_modules/vercel/node_modules/@vercel/fun/node_modules/async-listen
3022 silly ADD node_modules/vercel/node_modules/@vercel/fastify
3023 silly ADD node_modules/vercel/node_modules/@vercel/express
3024 silly ADD node_modules/vercel/node_modules/@vercel/express/node_modules/zod
3025 silly ADD node_modules/vercel/node_modules/@vercel/elysia
3026 silly ADD node_modules/vercel/node_modules/@vercel/detect-agent
3027 silly ADD node_modules/vercel/node_modules/@vercel/container
3028 silly ADD node_modules/vercel/node_modules/@vercel/cli-config
3029 silly ADD node_modules/vercel/node_modules/@vercel/cli-auth
3030 silly ADD node_modules/vercel/node_modules/@vercel/build-utils
3031 silly ADD node_modules/vercel/node_modules/@vercel/blob
3032 silly ADD node_modules/vercel/node_modules/@vercel/blob/node_modules/undici
3033 silly ADD node_modules/vercel/node_modules/@vercel/backends
3034 silly ADD node_modules/vercel/node_modules/@vercel/backends/node_modules/zod
3035 verbose cwd G:\pi 2 - 2026\webapp
3036 verbose os Windows_NT 10.0.26200
3037 verbose node v24.13.0
3038 verbose npm  v11.7.0
3039 verbose exit 0
3040 info ok
